,date,oil_brent,oil_dubai,coffee_arabica,coffee_robustas,tea_columbo,tea_kolkata,tea_mombasa,sugar_eu,sugar_us,sugar_world
1,1/01/1960,1.630000114,1.630000114,0.9409,0.6968643,0.9303009,1.121401,1.0374,0.12235641,0.11684486,0.0666
2,1/02/1960,1.630000114,1.630000114,0.9469,0.6887074,0.9303009,1.121401,1.0374,0.12235641,0.11904948,0.0679
3,1/03/1960,1.630000114,1.630000114,0.9281,0.6887074,0.9303009,1.121401,1.0374,0.12235641,0.1212541,0.0683
4,1/04/1960,1.630000114,1.630000114,0.9303,0.6845187,0.9303009,1.121401,1.0374,0.12235641,0.12345872,0.0681
5,1/05/1960,1.630000114,1.630000114,0.92,0.6906915,0.9303009,1.121401,1.0374,0.12235641,0.1212541,0.0683
6,1/06/1960,1.630000114,1.630000114,0.9123,0.6968643,0.9303009,1.121401,1.0374,0.12235641,0.12566334,0.0666
7,1/07/1960,1.630000114,1.630000114,0.916,0.6906915,0.9303009,1.121401,1.0374,0.12235641,0.1322772,0.0728
8,1/08/1960,1.630000114,1.630000114,0.9292,0.6988484,0.9303009,1.121401,1.0374,0.12235641,0.12786796,0.0741
9,1/09/1960,1.630000114,1.630000114,0.9226,0.7028166,0.9303009,1.121401,1.0374,0.12235641,0.1322772,0.0725
10,1/10/1960,1.630000114,1.630000114,0.9237,0.7067849,0.9303009,1.121401,1.0374,0.12235641,0.13007258,0.0538
11,1/11/1960,1.630000114,1.630000114,0.9116,0.7089895,0.9303009,1.121401,1.0374,0.12235641,0.13007258,0.052
12,1/12/1960,1.630000114,1.630000114,0.9006,0.6968643,0.9303009,1.121401,1.0374,0.12235641,0.13007258,0.0635
13,1/01/1961,1.57,1.57,0.9145,0.6765823,0.8925009,0.978601,0.9841996,0.124340568,0.12786796,0.0646
14,1/02/1961,1.57,1.57,0.9167,0.6765823,0.8925009,0.978601,0.9841996,0.124340568,0.12566334,0.0626
15,1/03/1961,1.57,1.57,0.9105,0.6684254,0.8925009,0.978601,0.9841996,0.124340568,0.12345872,0.0626
16,1/04/1961,1.57,1.57,0.9017,0.6644572,0.8925009,0.978601,0.9841996,0.124340568,0.12345872,0.0668
17,1/05/1961,1.57,1.57,0.8929,0.6622526,0.8925009,0.978601,0.9841996,0.124340568,0.13007258,0.0703
18,1/06/1961,1.57,1.57,0.8891,0.6664412,0.8925009,0.978601,0.9841996,0.124340568,0.13007258,0.0655
19,1/07/1961,1.57,1.57,0.8929,0.6684254,0.8925009,0.978601,0.9841996,0.124340568,0.12786796,0.0609
20,1/08/1961,1.57,1.57,0.8935,0.6684254,0.8925009,0.978601,0.9841996,0.124340568,0.1212541,0.0536
21,1/09/1961,1.57,1.57,0.8891,0.6723936,0.8925009,0.978601,0.9841996,0.124340568,0.1212541,0.0542
22,1/10/1961,1.57,1.57,0.8852,0.6723936,0.8925009,0.978601,0.9841996,0.124340568,0.12345872,0.0527
23,1/11/1961,1.57,1.57,0.883,0.6704095,0.8925009,0.978601,0.9841996,0.124340568,0.12566334,0.0509
24,1/12/1961,1.57,1.57,0.8774,0.6664412,0.8925009,0.978601,0.9841996,0.124340568,0.12786796,0.0487
25,1/01/1962,1.52,1.52,0.8774,0.6684254,0.8610009,1.104601,0.9533996,0.126324726,0.12786796,0.0465
26,1/02/1962,1.52,1.52,0.877,0.6684254,0.8610009,1.104601,0.9533996,0.126324726,0.12786796,0.0498
27,1/03/1962,1.52,1.52,0.8609,0.6704095,0.8610009,1.104601,0.9533996,0.126324726,0.12786796,0.0558
28,1/04/1962,1.52,1.52,0.8466,0.6743777,0.8610009,1.104601,0.9533996,0.126324726,0.12786796,0.0571
29,1/05/1962,1.52,1.52,0.8256,0.6723936,0.8610009,1.104601,0.9533996,0.126324726,0.12786796,0.0553
30,1/06/1962,1.52,1.52,0.8047,0.6723936,0.8610009,1.104601,0.9533996,0.126324726,0.12786796,0.0562
31,1/07/1962,1.52,1.52,0.8131,0.6765823,0.8610009,1.104601,0.9533996,0.126324726,0.12786796,0.0621
32,1/08/1962,1.52,1.52,0.819,0.6845187,0.8610009,1.104601,0.9533996,0.126324726,0.13007258,0.0646
33,1/09/1962,1.52,1.52,0.8256,0.6946597,0.8610009,1.104601,0.9533996,0.126324726,0.12786796,0.0626
34,1/10/1962,1.52,1.52,0.8109,0.6946597,0.8610009,1.104601,0.9533996,0.126324726,0.13007258,0.0666
35,1/11/1962,1.52,1.52,0.8124,0.6926757,0.8610009,1.104601,0.9533996,0.126324726,0.12786796,0.0754
36,1/12/1962,1.52,1.52,0.8179,0.7169259,0.8610009,1.104601,0.9533996,0.126324726,0.13007258,0.0882
37,1/01/1963,1.5,1.5,0.8267,0.6521116,0.8148008,1.083601,0.9603996,0.12676565,0.13448182,0.1157
38,1/02/1963,1.5,1.5,0.8031,0.6137521,0.8148008,1.083601,0.9603996,0.12676565,0.13668644,0.1305
39,1/03/1963,1.5,1.5,0.8109,0.6157362,0.8148008,1.083601,0.9603996,0.12676565,0.14109568,0.1431
40,1/04/1963,1.5,1.5,0.808,0.6157362,0.8148008,1.083601,0.9603996,0.12676565,0.16314188,0.1647
41,1/05/1963,1.5,1.5,0.797,0.6117679,0.8148008,1.083601,0.9603996,0.12676565,0.22487124,0.2191
42,1/06/1963,1.5,1.5,0.7992,0.6117679,0.8148008,1.083601,0.9603996,0.12676565,0.17857422,0.2154
43,1/07/1963,1.5,1.5,0.8064,0.6157362,0.8148008,1.083601,0.9603996,0.12676565,0.16314188,0.1975
44,1/08/1963,1.5,1.5,0.8047,0.6117679,0.8148008,1.083601,0.9603996,0.12676565,0.1322772,0.1413
45,1/09/1963,1.5,1.5,0.802,0.6238931,0.8148008,1.083601,0.9603996,0.12676565,0.14991416,0.1607
46,1/10/1963,1.5,1.5,0.8042,0.6258772,0.8148008,1.083601,0.9603996,0.12676565,0.19400656,0.2304
47,1/11/1963,1.5,1.5,0.8069,0.6318295,0.8148008,1.083601,0.9603996,0.12676565,0.19180194,0.2542
48,1/12/1963,1.5,1.5,0.7998,0.6521116,0.8148008,1.083601,0.9603996,0.12676565,0.18077884,0.2262
49,1/01/1964,1.45,1.45,0.9259,0.7008326,0.8190008,1.039501,0.9225996,0.12676565,0.19180194,0.231
50,1/02/1964,1.45,1.45,0.9414,0.7211145,0.8190008,1.039501,0.9225996,0.12676565,0.16314188,0.1991
51,1/03/1964,1.45,1.45,1.0351,0.7797561,0.8190008,1.039501,0.9225996,0.12676565,0.14770954,0.1612
52,1/04/1964,1.45,1.45,1.0042,0.8161315,0.8190008,1.039501,0.9225996,0.12676565,0.14991416,0.1711
53,1/05/1964,1.45,1.45,1.0203,0.8284771,0.8190008,1.039501,0.9225996,0.12676565,0.1322772,0.1545
54,1/06/1964,1.45,1.45,1.0053,0.8465545,0.8190008,1.039501,0.9225996,0.12676565,0.12786796,0.1155
55,1/07/1964,1.45,1.45,1.0214,0.8183361,0.8190008,1.039501,0.9225996,0.12676565,0.12345872,0.1034
56,1/08/1964,1.45,1.45,1.049,0.8183361,0.8190008,1.039501,0.9225996,0.12676565,0.12345872,0.0933
57,1/09/1964,1.45,1.45,1.0373,0.7898972,0.8190008,1.039501,0.9225996,0.12676565,0.12345872,0.0783
58,1/10/1964,1.45,1.45,1.0379,0.7738038,0.8190008,1.039501,0.9225996,0.12676565,0.12566334,0.0769
59,1/11/1964,1.45,1.45,1.034,0.787913,0.8190008,1.039501,0.9225996,0.12676565,0.12345872,0.0725
60,1/12/1964,1.45,1.45,1.0053,0.7636628,0.8190008,1.039501,0.9225996,0.12456103,0.1322772,0.0591
61,1/01/1965,1.42,1.42,1.0119,0.6283022,0.8463009,1.142401,1.0122,0.12456103,0.13889106,0.0513
62,1/02/1965,1.42,1.42,1.0384,0.6371205,0.8463009,1.142401,1.0122,0.12456103,0.13889106,0.0476
63,1/03/1965,1.42,1.42,0.9899,0.5798017,0.8463009,1.142401,1.0122,0.12456103,0.1322772,0.0534
64,1/04/1965,1.42,1.42,0.9744,0.5469536,0.8463009,1.142401,1.0122,0.12456103,0.1322772,0.0512
65,1/05/1965,1.42,1.42,0.9612,0.4872098,0.8463009,1.142401,1.0122,0.12456103,0.13668644,0.0496
66,1/06/1965,1.42,1.42,0.9811,0.6130906,0.8463009,1.142401,1.0122,0.12456103,0.13668644,0.0412
67,1/07/1965,1.42,1.42,0.9811,0.7162645,0.8463009,1.142401,1.0122,0.12456103,0.13448182,0.0408
68,1/08/1965,1.42,1.42,1.0009,0.7949677,0.8463009,1.142401,1.0122,0.12456103,0.13668644,0.0377
69,1/09/1965,1.42,1.42,0.9987,0.7775516,0.8463009,1.142401,1.0122,0.12456103,0.13668644,0.039
70,1/10/1965,1.42,1.42,1.0097,0.8073132,0.8463009,1.142401,1.0122,0.12456103,0.13889106,0.0428
71,1/11/1965,1.42,1.42,1.0251,0.7568286,0.8463009,1.142401,1.0122,0.12456103,0.13668644,0.0377
72,1/12/1965,1.42,1.42,1.0318,0.7936449,0.8463009,1.142401,1.0122,0.12456103,0.13448182,0.0383
73,1/01/1966,1.36,1.36,1.0119,0.8015813,0.7602008,1.205401,0.9141996,0.130954428,0.13889106,0.0531
74,1/02/1966,1.36,1.36,0.9722,0.7577103,0.7602008,1.205401,0.9141996,0.130954428,0.13889106,0.0489
75,1/03/1966,1.36,1.36,0.9546,0.7438216,0.7602008,1.205401,0.9141996,0.130954428,0.13668644,0.0472
76,1/04/1966,1.36,1.36,0.9546,0.7605763,0.7602008,1.205401,0.9141996,0.130954428,0.13889106,0.0452
77,1/05/1966,1.36,1.36,0.9458,0.7652059,0.7602008,1.205401,0.9141996,0.130954428,0.13889106,0.045
78,1/06/1966,1.36,1.36,0.9237,0.7409557,0.7602008,0.7653333,0.9141996,0.130954428,0.13889106,0.037
79,1/07/1966,1.36,1.36,0.9171,0.729051,0.7602008,0.7653333,0.9141996,0.130954428,0.14109568,0.0379
80,1/08/1966,1.36,1.36,0.9171,0.7189101,0.7602008,0.7653333,0.9141996,0.130954428,0.1433003,0.0359
81,1/09/1966,1.36,1.36,0.8995,0.6995097,0.7602008,0.7653333,0.9141996,0.130954428,0.1433003,0.0329
82,1/10/1966,1.36,1.36,0.8885,0.7171464,0.7602008,0.7653333,0.9141996,0.130954428,0.14550492,0.0337
83,1/11/1966,1.36,1.36,0.8869,0.7200123,0.7602008,0.7653333,0.9141996,0.130954428,0.1433003,0.0311
84,1/12/1966,1.36,1.36,0.8728,0.7151622,0.7602008,0.7653333,0.9141996,0.130954428,0.1433003,0.0298
85,1/01/1967,1.33,1.33,0.8501,0.7056826,0.7308007,0.7986667,0.9911996,0.129411194,0.1433003,0.0287
86,1/02/1967,1.33,1.33,0.8441,0.7286101,0.7308007,0.7986667,0.9911996,0.129411194,0.14550492,0.037
87,1/03/1967,1.33,1.33,0.8228,0.7257441,0.7308007,0.7986667,0.9911996,0.129411194,0.14550492,0.0346
88,1/04/1967,1.33,1.33,0.8508,0.7471284,0.7308007,0.7986667,0.9911996,0.129411194,0.14550492,0.0452
89,1/05/1967,1.33,1.33,0.8891,0.7702765,0.7308007,0.7986667,0.9911996,0.129411194,0.14770954,0.056
90,1/06/1967,1.33,1.33,0.9092,0.7824016,0.7308007,0.7986667,0.9911996,0.129411194,0.14770954,0.0547
91,1/07/1967,1.33,1.33,0.9026,0.7407352,0.7308007,0.7986667,0.9911996,0.129411194,0.14770954,0.037
92,1/08/1967,1.33,1.33,0.8761,0.7175872,0.7308007,0.7986667,0.9911996,0.129411194,0.14770954,0.0362
93,1/09/1967,1.33,1.33,0.8607,0.7239805,0.7308007,0.7986667,0.9911996,0.129411194,0.14770954,0.037
94,1/10/1967,1.33,1.33,0.8472,0.729492,0.7308007,0.7986667,0.9911996,0.129411194,0.14991416,0.0428
95,1/11/1967,1.33,1.33,0.8666,0.7477898,0.7308007,0.7986667,0.9911996,0.129411194,0.14991416,0.0485
96,1/12/1967,1.33,1.33,0.8512,0.7499944,0.5846411,0.7986667,0.9911996,0.129411194,0.14770954,0.047
97,1/01/1968,1.32,1.32,0.866,0.7596945,0.6770413,0.7333334,0.8357997,0.112215158,0.14991416,0.0467
98,1/02/1968,1.32,1.32,0.8691,0.7566082,0.6770413,0.7333334,0.8357997,0.112215158,0.14991416,0.0461
99,1/03/1968,1.32,1.32,0.8821,0.7548445,0.6770413,0.7333334,0.8357997,0.112215158,0.14991416,0.0417
100,1/04/1968,1.32,1.32,0.886,0.7533013,0.6770413,0.7333334,0.8357997,0.112215158,0.14991416,0.0388
101,1/05/1968,1.32,1.32,0.8816,0.7550649,0.6770413,0.7333334,0.8357997,0.112215158,0.15211878,0.0414
102,1/06/1968,1.32,1.32,0.888,0.7566082,0.6770413,0.7333334,0.8357997,0.112215158,0.1543234,0.0384
103,1/07/1968,1.32,1.32,0.8814,0.749774,0.6770413,0.7333334,0.8357997,0.112215158,0.1543234,0.0359
104,1/08/1968,1.32,1.32,0.8662,0.7475694,0.6770413,0.7333334,0.8357997,0.112215158,0.1543234,0.0337
105,1/09/1968,1.32,1.32,0.8538,0.749333,0.6770413,0.7333334,0.8357997,0.112215158,0.1543234,0.0304
106,1/10/1968,1.32,1.32,0.8545,0.7400739,0.6770413,0.7333334,0.8357997,0.112215158,0.15652802,0.039
107,1/11/1968,1.32,1.32,0.8486,0.7233191,0.6770413,0.7333334,0.8357997,0.112215158,0.1543234,0.0509
108,1/12/1968,1.32,1.32,0.8267,0.7094303,0.6770413,0.7333334,0.8357997,0.112215158,0.1543234,0.0602
109,1/01/1969,1.27,1.27,0.8261,0.7065644,0.5964011,0.8626667,0.7195997,0.112215158,0.15652802,0.0635
110,1/02/1969,1.27,1.27,0.8419,0.7081076,0.5964011,0.8626667,0.7195997,0.112215158,0.15652802,0.0688
111,1/03/1969,1.27,1.27,0.8294,0.6871642,0.5964011,0.8626667,0.7195997,0.112215158,0.15873264,0.0774
112,1/04/1969,1.27,1.27,0.8135,0.6589457,0.5964011,0.8626667,0.7195997,0.112215158,0.15873264,0.0805
113,1/05/1969,1.27,1.27,0.8093,0.6496865,0.5964011,0.8626667,0.7195997,0.112215158,0.15873264,0.0805
114,1/06/1969,1.27,1.27,0.795,0.6772437,0.5964011,0.8626667,0.7195997,0.112215158,0.15873264,0.0803
115,1/07/1969,1.27,1.27,0.7776,0.6871642,0.5964011,0.8626667,0.7195997,0.112215158,0.14991416,0.0765
116,1/08/1969,1.27,1.27,0.8126,0.724642,0.5964011,0.8626667,0.7195997,0.112215158,0.15873264,0.065
117,1/09/1969,1.27,1.27,0.9026,0.7630014,0.5964011,0.8626667,0.7195997,0.112215158,0.15873264,0.0604
118,1/10/1969,1.27,1.27,1.0401,0.8450114,0.5964011,0.8626667,0.7195997,0.112215158,0.16093726,0.065
119,1/11/1969,1.27,1.27,1.0247,0.8207611,0.5964011,0.8626667,0.7195997,0.112215158,0.15873264,0.067
120,1/12/1969,1.27,1.27,1.0479,0.8284771,0.5964011,0.8626667,0.7195997,0.112215158,0.1543234,0.0622
121,1/01/1970,1.21,1.21,1.1369,0.8619865,0.6266412,0.9906667,0.8875996,0.112215158,0.1653465,0.0791
122,1/02/1970,1.21,1.21,1.1453,0.8474364,0.6266412,0.9906667,0.8875996,0.112215158,0.16314188,0.069
123,1/03/1970,1.21,1.21,1.1711,0.8679388,0.6266412,0.9906667,0.8875996,0.112215158,0.16093726,0.0745
124,1/04/1970,1.21,1.21,1.2028,0.9129121,0.6266412,0.9906667,0.8875996,0.112215158,0.16093726,0.0787
125,1/05/1970,1.21,1.21,1.217,0.9400282,0.6266412,0.9906667,0.8875996,0.112215158,0.16755112,0.0805
126,1/06/1970,1.21,1.21,1.2061,0.9298873,0.6266412,0.9906667,0.8875996,0.112215158,0.16755112,0.0842
127,1/07/1970,1.21,1.21,1.2121,0.9424534,0.6266412,0.9906667,0.8875996,0.112215158,0.16755112,0.0842
128,1/08/1970,1.21,1.21,1.1828,0.9446578,0.6266412,0.9906667,0.8875996,0.112215158,0.16755112,0.0841
129,1/09/1970,1.21,1.21,1.1603,0.9387055,0.6266412,0.9906667,0.8875996,0.112215158,0.16755112,0.0853
130,1/10/1970,1.21,1.21,1.1197,0.9415715,0.6266412,0.9906667,0.8875996,0.112215158,0.16755112,0.0866
131,1/11/1970,1.21,1.21,1.0278,0.9159985,0.6266412,0.9906667,0.8875996,0.112215158,0.16314188,0.0901
132,1/12/1970,1.21,1.21,0.9775,0.9190849,0.6266412,0.9906667,0.8875996,0.112215158,0.1653465,0.0906
133,1/01/1971,1.64,1.64,1.0031,0.9298873,0.6383995,0.7991994,0.9015996,0.112215158,0.16975574,0.104
134,1/02/1971,1.64,1.64,0.9833,0.9296668,0.6695995,0.7631994,0.9015996,0.112215158,0.17416498,0.1063
135,1/03/1971,1.64,1.64,1.0143,0.9406896,0.7031994,0.6647995,0.9015996,0.112215158,0.17196036,0.1034
136,1/04/1971,1.64,1.64,0.9894,0.9400282,0.6455995,1.540799,0.9015996,0.112215158,0.16975574,0.1005
137,1/05/1971,1.64,1.64,1.0183,0.9400282,0.6551995,1.185599,0.9015996,0.112215158,0.17416498,0.0961
138,1/06/1971,1.64,1.64,1.0022,0.9340759,0.6359995,1.022399,0.9015996,0.112215158,0.1763696,0.0915
139,1/07/1971,1.74,1.74,0.9927,0.928344,0.6335995,1.187999,0.9015996,0.112215158,0.1763696,0.092
140,1/08/1971,1.74,1.74,1.0051,0.9298873,0.7128694,0.9732005,0.9015996,0.113758392,0.17857422,0.0937
141,1/09/1971,1.74,1.74,0.9645,0.9243758,0.7260927,0.9360174,0.9015996,0.115522088,0.17416498,0.0879
142,1/10/1971,1.74,1.74,0.9431,0.9190849,0.7049534,0.9366164,0.9015996,0.116403936,0.17416498,0.0928
143,1/11/1971,1.74,1.74,0.9658,0.9254781,0.6930543,0.8675643,0.9015996,0.116624398,0.1763696,0.0935
144,1/12/1971,1.74,1.74,1.0207,0.9373828,0.7022277,0.8083196,0.9015996,0.118167632,0.18298346,0.1275
145,1/01/1972,1.77,1.77,0.9905,0.9296668,0.7460141,0.8041081,0.8105997,0.1543234,0.19180194,0.1741
146,1/02/1972,1.77,1.77,0.9996,0.930769,0.782494,0.7839261,0.8105997,0.156087096,0.1873927,0.181
147,1/03/1972,1.77,1.77,1.0192,0.949508,0.8244459,0.7530807,0.8105997,0.157189406,0.18959732,0.185
148,1/04/1972,1.77,1.77,1.0115,0.9627353,0.809854,0.8214722,0.8105997,0.15652802,0.18518808,0.156
149,1/05/1972,1.77,1.77,1.0377,0.9647195,0.802558,0.9598383,0.8105997,0.15652802,0.17857422,0.1462
150,1/06/1972,1.77,1.77,1.0697,0.9625149,0.7350701,1.053885,0.8105997,0.154543862,0.18077884,0.1395
151,1/07/1972,1.87,1.87,1.2361,1.043863,0.5455723,1.007215,0.8105997,0.146386768,0.1873927,0.1225
152,1/08/1972,1.87,1.87,1.2009,1.040557,0.6359375,0.8693136,0.8105997,0.146827692,0.19400656,0.1378
153,1/09/1972,1.87,1.87,1.1687,1.034604,0.69375,0.7644187,0.8105997,0.146386768,0.19400656,0.1558
154,1/10/1972,1.87,1.87,1.1779,1.036809,0.632931,0.7768683,0.8105997,0.143741224,0.19400656,0.1633
155,1/11/1972,1.87,1.87,1.1859,1.044304,0.5837871,0.7353197,0.8105997,0.14109568,0.18518808,0.1604
156,1/12/1972,1.87,1.87,1.2174,1.052902,0.6031651,0.7084,0.8105997,0.140654756,0.18959732,0.2017
157,1/01/1973,2.08,2.08,1.278,1.054005,0.6023916,0.7253865,0.8203997,0.141316142,0.206793356,0.2072
158,1/02/1973,2.08,2.08,1.4542,1.091923,0.6574131,0.7098448,0.8203997,0.14550492,0.201502268,0.1979
159,1/03/1973,2.08,2.08,1.4193,1.10978,0.6958561,0.6855978,0.8203997,0.148591388,0.208116128,0.1933
160,1/04/1973,2.35,2.35,1.291,1.077593,0.6926475,0.8993512,0.8203997,0.14881185,0.21274583,0.1982
161,1/05/1973,2.35,2.35,1.4151,1.074507,0.6361446,0.9647718,0.8203997,0.151677856,0.221784772,0.2001
162,1/06/1973,2.35,2.35,1.4147,1.077593,0.6047198,1.076973,0.8492754,0.154543862,0.22597355,0.2067
163,1/07/1973,2.7,2.7,1.3567,1.058193,0.6309969,1.13515,0.8492754,0.152339242,0.22597355,0.2098
164,1/08/1973,2.7,2.7,1.3307,1.044966,0.7366071,0.972896,0.8492754,0.148591388,0.23699665,0.1977
165,1/09/1973,2.7,2.7,1.3272,1.104489,0.7370892,0.8437009,0.8492754,0.145284458,0.241846814,0.1977
166,1/10/1973,4.1,4.1,1.3779,1.146376,0.6696567,0.8525465,0.8492754,0.14550492,0.24581513,0.2096
167,1/11/1973,4.1,4.1,1.3931,1.168422,0.6302457,0.7925398,0.8492754,0.1433003,0.24471282,0.2235
168,1/12/1973,4.1,4.1,1.4235,1.190467,0.6453541,0.7323374,0.8492754,0.139111522,0.250003908,0.2612
169,1/01/1974,13,13,1.5304,1.226622,0.6764275,0.7105354,1.1368,0.18188115,0.278443506,0.3342
170,1/02/1974,13,13,1.6466,1.334867,0.6921172,0.7952024,1.1368,0.186069928,0.376769558,0.465
171,1/03/1974,13,13,1.5754,1.382706,0.8626103,0.8311096,1.1368,0.191140554,0.399256682,0.4652
172,1/04/1974,10.59999847,10.59999847,1.5498,1.411586,0.8622277,1.464217,1.1368,0.195329332,0.424168888,0.4762
173,1/05/1974,10.59999847,10.59999847,1.5657,1.422608,0.8406738,1.296882,1.1368,0.19731349,0.507944448,0.521
174,1/06/1974,10.59999847,10.59999847,1.5898,1.362424,0.9076923,1.52586,1.1368,0.195549794,0.57871275,0.5183
175,1/07/1974,10,10,1.5232,1.303562,0.9263513,1.853248,1.1368,0.195329332,0.62500977,0.5518
176,1/08/1974,10,10,1.379,1.234779,0.9663738,1.448293,1.1368,0.19180194,0.718926582,0.6753
177,1/09/1974,10,10,1.2039,1.188704,0.9606205,1.263735,1.1368,0.319008514,0.743177402,0.7529
178,1/10/1974,10.29999924,10.29999924,1.2518,1.21119,0.9605361,1.227041,1.1368,0.321433596,0.855833484,0.8708
179,1/11/1974,10.29999924,10.29999924,1.3069,1.227063,0.9980577,1.265237,1.1368,0.32077221,1.26324726,1.2377
180,1/12/1974,10.29999924,10.29999924,1.2959,1.216481,1.024951,1.374181,1.1368,0.32077221,1.028234768,0.9894
181,1/01/1975,10.42000008,10.42000008,1.2311,1.197522,1.018491,1.285751,1.1242,0.604727266,0.88515493,0.8445
182,1/02/1975,10.42000008,10.42000008,1.1788,1.154974,1.064124,1.193996,1.1242,0.330031614,0.795206434,0.7491
183,1/03/1975,10.42000008,10.42000008,1.1034,1.094348,1.032988,1.130917,1.1242,0.33399993,0.628757624,0.582
184,1/04/1975,10.42000008,10.42000008,1.0503,1.0809,0.9577421,2.031931,1.1242,0.328929304,0.574744434,0.528
185,1/05/1975,10.42000008,10.42000008,1.121,1.047611,0.9003745,1.499189,1.1242,0.332456696,0.424830274,0.3909
186,1/06/1975,10.42000008,10.42000008,1.233,1.087734,0.8458949,1.700853,1.1242,0.332456696,0.351857352,0.3009
187,1/07/1975,10.43000031,10.43000031,1.4478,1.293641,0.8252288,1.732839,1.1242,0.316583432,0.438498918,0.368
188,1/08/1975,10.43000031,10.43000031,1.8404,1.69862,0.8585998,1.534951,1.1242,0.305119408,0.465395282,0.4102
189,1/09/1975,10.43000031,10.43000031,1.7831,1.677677,0.7955002,1.399848,1.1242,0.29982832,0.382722032,0.3417
190,1/10/1975,10.46000004,10.46000004,1.7723,1.610879,0.7523885,1.399619,1.08548,0.301812478,0.34061379,0.3101
191,1/11/1975,10.46000004,10.46000004,1.709,1.574283,0.7567781,1.266744,0.9805777,0.301371554,0.331354386,0.2969
192,1/12/1975,10.46000004,10.46000004,1.8353,1.632043,0.7688305,1.20636,0.9738197,0.2976237,0.32628376,0.2908
193,1/01/1976,11.51000023,11.51000023,2.047,1.744476,0.8582912,1.214003,1.233625,0.297403238,0.339952404,0.3091
194,1/02/1976,11.51000023,11.51000023,2.1874,1.822297,0.8180993,1.18826,1.231235,0.295639542,0.331574848,0.2976
195,1/03/1976,11.51000023,11.51000023,2.1958,1.815904,0.8459291,1.14857,1.219025,0.288584758,0.358691674,0.3261
196,1/04/1976,11.51000023,11.51000023,2.7002,2.376305,0.8870181,1.709011,1.212519,0.2976237,0.343479796,0.3097
197,1/05/1976,11.51000023,11.51000023,2.9864,2.681638,0.8645025,1.338079,1.209206,0.295639542,0.352077814,0.3206
198,1/06/1976,11.51000023,11.51000023,3.2977,2.867263,0.8578686,1.581827,1.203978,0.29321446,0.31746528,0.2864
199,1/07/1976,11.60000038,11.60000038,3.0256,2.78415,0.9470046,1.629308,1.205885,0.292993998,0.321654058,0.2912
200,1/08/1976,11.60000038,11.60000038,3.3848,2.915763,1.031106,1.469708,1.208915,0.293875846,0.249562984,0.2209
201,1/09/1976,11.60000038,11.60000038,3.5133,3.022024,1.005054,1.412062,1.214363,0.295639542,0.21605276,0.1792
202,1/10/1976,11.89999962,11.89999962,3.8215,3.34874,1.023298,1.419293,1.216071,0.295860004,0.23479203,0.177
203,1/11/1976,11.89999962,11.89999962,4.0342,3.885773,0.983945,1.429579,1.215296,0.29652139,0.230603252,0.1737
204,1/12/1976,11.89999962,11.89999962,4.566,4.496439,1.008692,1.478905,1.216245,0.299607858,0.225312164,0.1664
205,1/01/1977,12.5,12.5,4.8272,4.767601,1.155074,1.551216,2.082884,0.299387396,0.24140589,0.1839
206,1/02/1977,12.5,12.5,5.4119,5.431397,1.695557,1.90513,2.078425,0.298285086,0.243830972,0.1894
207,1/03/1977,12.5,12.5,6.7058,6.747966,2.423106,2.057485,2.082011,0.299166934,0.257279154,0.198
208,1/04/1977,12.44999981,12.44999981,7.0036,6.883547,3.55888,2.978849,2.087888,0.300489706,0.277120734,0.2213
209,1/05/1977,12.44999981,12.44999981,6.2889,5.942636,2.2605,2.248183,2.089922,0.307764952,0.250003908,0.1986
210,1/06/1977,12.44999981,12.44999981,5.7781,4.938676,1.631897,2.550806,2.090701,0.307764952,0.226634936,0.1735
211,1/07/1977,12.63000011,12.63000011,4.8488,4.331758,1.618172,2.434384,2.110222,0.31305604,0.22376893,0.1629
212,1/08/1977,12.63000011,12.63000011,4.396,4.482551,1.550663,2.130281,2.099059,0.311512806,0.247137902,0.1678
213,1/09/1977,12.63000011,12.63000011,4.1778,4.442207,1.349386,1.989215,2.089118,0.310190034,0.229500942,0.1612
214,1/10/1977,12.68000031,12.68000031,3.7703,3.834407,1.358385,1.849116,2.106743,0.314599274,0.225753088,0.1563
215,1/11/1977,12.68000031,12.68000031,4.3466,3.675237,0.9689543,1.536436,2.127061,0.317906204,0.229721404,0.1559
216,1/12/1977,12.68000031,12.68000031,4.4714,3.716242,0.7794351,1.577477,2.157524,0.326945146,0.25904285,0.1784
217,1/01/1978,12.65999985,12.65999985,4.545,3.904953,0.7810781,1.736875,1.560419,0.33399993,0.292773536,0.1933
218,1/02/1978,12.65999985,12.65999985,4.3561,3.848296,0.9166232,1.725475,1.565298,0.336425012,0.32518145,0.187
219,1/03/1978,12.65999985,12.65999985,3.8576,3.475283,0.8489283,1.64633,1.580495,0.343479796,0.3086468,0.1706
220,1/04/1978,12.68000031,12.68000031,3.9368,3.192216,0.7104277,3.081241,1.585498,0.343479796,0.307103566,0.1673
221,1/05/1978,12.69999981,12.69999981,3.7397,3.000198,0.6708622,1.843189,1.564251,0.332677158,0.300269244,0.1616
222,1/06/1978,12.72999954,12.72999954,3.7148,3.331985,0.617284,1.856672,1.579556,0.336425012,0.299166934,0.1594
223,1/07/1978,12.77000046,12.77000046,2.9498,2.789726,0.6606127,2.017642,1.605483,0.349873194,0.278443506,0.1418
224,1/08/1978,12.78999996,12.78999996,3.0472,2.831835,0.734315,1.820116,1.633347,0.357589364,0.292993998,0.1561
225,1/09/1978,12.80000019,12.80000019,3.4244,3.238587,0.7284557,1.724461,1.636901,0.361337218,0.317685742,0.1801
226,1/10/1978,12.85000038,12.85000038,3.3964,3.309576,0.8175819,1.730279,1.677016,0.379856026,0.346345802,0.1975
227,1/11/1978,13.19999981,13.19999981,3.2223,3.180385,0.7581204,1.69279,1.656265,0.367951078,0.313937888,0.1766
228,1/12/1978,14.5,14.5,2.8898,2.911862,0.7035919,1.624353,1.64905,0.371258008,0.31415835,0.1764
229,1/01/1979,18.95000076,15.94999981,2.8349,2.9377,0.7077935,1.593796,1.632357,0.377651406,0.322535906,0.1669
230,1/02/1979,22,19.5,2.7119,2.9211,0.6953493,1.528214,1.624569,0.37588771,0.337527322,0.1814
231,1/03/1979,23.25,20.79999924,2.8735,2.9809,0.6664514,1.497442,1.624121,0.37588771,0.342377486,0.1865
232,1/04/1979,23.64999962,21.20000076,3.0563,3.1262,0.6247182,3.957038,1.617747,0.371919394,0.315040198,0.1724
233,1/05/1979,32.75,34.25,3.3023,3.2558,0.5221966,2.186726,1.603823,0.367730616,0.315922046,0.1731
234,1/06/1979,36.5,32.84999847,4.2589,4.1621,0.4341979,1.958042,1.61014,0.372139856,0.322094982,0.1795
235,1/07/1979,35,32,4.4899,4.3241,0.6540679,1.969119,1.643398,0.473552376,0.343700258,0.1878
236,1/08/1979,35.75,32.25,4.353,4.0111,0.9279077,2.117973,1.64065,0.472009142,0.348770884,0.1956
237,1/09/1979,36.5,34.5,4.5717,4.2293,0.9617354,2.073792,1.645043,0.477079768,0.346566264,0.2182
238,1/10/1979,38.5,36,4.6207,4.064,0.9641627,2.10505,1.641304,0.47509561,0.350755042,0.262
239,1/11/1979,42,39.5,4.5574,3.909,0.9223581,2.198167,1.631778,0.476859306,0.359132598,0.303
240,1/12/1979,40.5,39,4.2831,3.902,1.313053,2.044681,1.655072,0.487882406,0.40344546,0.329
241,1/01/1980,40,38,3.8078,3.5713,1.185947,2.030021,1.842562,0.49273257,0.433428292,0.381
242,1/02/1980,38.5,36,3.7102,3.5521,1.174774,2.031631,1.833181,0.488102868,0.544320678,0.5
243,1/03/1980,38.25,35.75,4.1173,3.7225,1.141416,1.985558,1.785539,0.463411124,0.466938516,0.433
244,1/04/1980,38.15000153,35,4.0528,3.6464,1.129668,2.001024,1.770072,0.45966327,0.499787354,0.468
245,1/05/1980,38.5,35.59999847,4.2315,3.8848,1.145053,2.044681,1.820741,0.478623002,0.703053318,0.6816
246,1/06/1980,38,36,4.0503,3.7613,1.142911,2.056925,1.842414,0.485677786,0.70768302,0.679
247,1/07/1980,37.40000153,33.34999847,3.5164,3.2809,1.139642,2.079158,1.853153,0.51698339,0.63382825,0.609
248,1/08/1980,33.59999847,32.29999924,3.1001,2.9496,1.108826,2.074163,1.832137,0.5070626,0.730611068,0.7028
249,1/09/1980,33.40000153,32.25,2.8559,2.7567,1.080715,2.085278,1.839851,0.507723986,0.772278386,0.7649
250,1/10/1980,37.90000153,36.79999924,2.8373,2.7242,1.052541,2.089467,1.826895,0.49714181,0.91932654,0.894
251,1/11/1980,40.84999847,39.75,2.5986,2.5183,1.020829,2.073679,1.790078,0.479284388,0.865974736,0.833
252,1/12/1980,40.15000153,39.34999847,2.7172,2.5505,1.014052,2.040654,1.768901,0.46627713,0.667779398,0.633
253,1/01/1981,40.29999924,39.25,2.8894,2.6283,1.088045,1.971751,1.914596,0.461647428,0.651906134,0.616
254,1/02/1981,38.70000076,37.09999847,2.8517,2.4886,1.22602,1.913808,1.772023,0.432987368,0.574744434,0.532
255,1/03/1981,38.34999847,36.84999847,2.8574,2.4723,1.224591,1.907233,1.682747,0.432766906,0.524920022,0.4966
256,1/04/1981,37.18999863,35.54999924,2.8887,2.4507,1.085859,1.897991,1.740367,0.421523344,0.438939842,0.3931
257,1/05/1981,35.18999863,33.38000107,2.8329,2.3477,0.9864128,1.866203,1.69309,0.397272524,0.384265266,0.3305
258,1/06/1981,33.25,32.16999817,2.5104,1.8583,0.8991826,1.823763,1.661166,0.38250157,0.41777549,0.361
259,1/07/1981,35.06000137,31.95999908,2.6691,1.9357,0.845695,1.765508,1.631712,0.40234315,0.42108242,0.3602
260,1/08/1981,35.79999924,32.16999817,2.782,1.9786,0.8233915,1.741548,1.610313,0.392201898,0.384044804,0.33
261,1/09/1981,35.90999985,32.06000137,2.8038,1.9703,1.031127,1.7226,1.538283,0.411602554,0.341495638,0.2568
262,1/10/1981,36.54000092,32.68000031,3.0225,2.1656,0.737933,1.710229,1.406615,0.422846116,0.345243492,0.2655
263,1/11/1981,37.11999893,34.24000168,3.1804,2.3135,0.8342879,1.718841,1.419635,0.42769628,0.358912136,0.2622
264,1/12/1981,36.70000076,34.11999893,3.1343,2.273,0.8967299,1.717589,1.419967,0.421964268,0.376328634,0.2851
265,1/01/1982,35.84999847,34,3.1786,2.3076,0.9501384,1.91252,1.725786,0.41557087,0.400358992,0.2862
266,1/02/1982,31.62000084,30.39999962,3.4046,2.5168,0.9857177,1.899607,1.695993,0.402122688,0.391760974,0.2884
267,1/03/1982,29.29999924,28.60000038,3.2196,2.4685,1.02176,1.881284,1.680917,0.394406518,0.377651406,0.2484
268,1/04/1982,33.11999893,30.87999916,3.1224,2.3455,1.054616,1.864707,1.667133,0.388674506,0.394406518,0.2103
269,1/05/1982,35.18000031,33.34999847,3.0333,2.2822,1.06383,1.881284,1.696492,0.40234315,0.431444134,0.1792
270,1/06/1982,34.59999847,32.65000153,3.1004,2.2408,0.9898171,1.850921,1.648676,0.380737874,0.463631586,0.151
271,1/07/1982,33.70000076,31.70000076,2.9434,2.1678,1.092933,1.829808,1.631978,0.408516086,0.48832333,0.1726
272,1/08/1982,32.84999847,31.20000076,2.9308,2.2478,1.272562,1.826491,1.623306,0.405870542,0.49493719,0.149
273,1/09/1982,34.25,33.04999924,3.0042,2.4092,1.468605,1.814103,1.615776,0.40124084,0.460324656,0.13
274,1/10/1982,35,33.40000153,3.0955,2.5856,1.300871,1.805377,1.602173,0.396611138,0.450624328,0.1302
275,1/11/1982,33.79999924,31.75,3.045,2.6943,1.30137,1.788799,1.593473,0.390438202,0.458340498,0.1433
276,1/12/1982,31.75,30.10000038,2.9729,2.8177,1.237425,1.801887,1.480788,0.406972852,0.459222346,0.1391
277,1/01/1983,30.85000038,30.04999924,2.8651,2.745,1.3767,1.915126,1.99333,0.41005932,0.468040826,0.1327
278,1/02/1983,29.10000038,29,2.7983,2.6846,1.500712,1.991129,1.973322,0.40234315,0.479725312,0.1417
279,1/03/1983,28.20000076,28.10000038,2.7567,2.6727,1.703072,1.971091,1.966357,0.400358992,0.481929932,0.1367
280,1/04/1983,29.75,28.70000076,2.7505,2.6727,1.783179,2.404277,1.96009,0.394186056,0.494496266,0.1479
281,1/05/1983,29.60000038,28.5,2.8323,2.7152,1.954458,2.469482,1.961328,0.392201898,0.49824412,0.2036
282,1/06/1983,30.20000076,28.75,2.8071,2.6511,2.014835,2.643176,1.931627,0.38029695,0.496921348,0.2368
283,1/07/1983,30.79999924,29,2.8294,2.6469,1.654375,2.503793,1.888052,0.38911543,0.487000558,0.2321
284,1/08/1983,31.10000038,28.89999962,2.8559,2.6526,1.844296,2.641153,1.85834,0.37809233,0.49714181,0.2328
285,1/09/1983,30.35000038,28.60000038,2.9169,2.6877,1.908979,2.703047,1.855563,0.377651406,0.48942564,0.2079
286,1/10/1983,29.85000038,28.60000038,3.1026,2.8726,1.926339,2.868768,1.880591,0.384044804,0.483693628,0.2147
287,1/11/1983,29.20000076,28.29999924,3.187,2.8515,2.22665,3.099577,1.859032,0.373903552,0.48060716,0.1836
288,1/12/1983,28.95000076,28.25,3.2333,2.9271,2.392263,3.029898,1.841565,0.364644148,0.473331914,0.1702
289,1/01/1984,29.55999947,27.72999954,3.1683,2.9306,2.841424,3.469254,2.902559,0.356707516,0.474213762,0.1536
290,1/02/1984,29.87999916,27.64999962,3.2168,3.0049,2.645103,2.544626,2.930639,0.367730616,0.482370856,0.1462
291,1/03/1984,30.07999992,27.79000092,3.2699,3.0433,2.665368,2.626291,3.077708,0.38139926,0.485677786,0.1415
292,1/04/1984,30.12999916,27.95999908,3.3116,3.0325,2.726983,3.350872,2.93735,0.374564938,0.485898248,0.1325
293,1/05/1984,29.89999962,28.03000069,3.3124,3.2293,2.527433,3.055581,2.857042,0.361116756,0.485236862,0.1241
294,1/06/1984,29.20000076,27.90999985,3.2474,3.165,2.196615,3.088475,2.829911,0.36155768,0.486339172,0.1217
295,1/07/1984,27.90999985,27.26000023,3.1771,3.0402,2.136993,3.194885,2.763153,0.356927978,0.482591318,0.1001
296,1/08/1984,28.11000061,27.22999954,3.2121,3.099,2.26003,3.096596,2.74489,0.355164282,0.478843464,0.089
297,1/09/1984,28.36000061,27.39999962,3.1356,3.1189,2.534094,2.713126,2.717114,0.340393328,0.47840254,0.0904
298,1/10/1984,27.80999947,27.11000061,3.0175,2.9787,2.508304,2.798013,2.691596,0.440042152,0.47509561,0.1025
299,1/11/1984,27.70000076,27.09000015,3.0911,2.9998,2.511128,2.40586,2.671047,0.335763626,0.471568218,0.0961
300,1/12/1984,26.97999954,26.76000023,3.1041,2.7992,2.45067,2.631579,2.593127,0.320992672,0.46517482,0.0783
301,1/01/1985,26.95,27.3,3.2053,2.7675,2.313555,2.361287,1.634845,0.305119408,0.456797264,0.0796
302,1/02/1985,28.2,27.25,3.1764,2.7011,2.125491,2.086103,1.596549,0.295639542,0.451506176,0.0816
303,1/03/1985,28.1,27.15,3.2602,2.7079,1.728791,1.85431,1.582661,0.302914788,0.461206504,0.0844
304,1/04/1985,27.9,26.65,3.1189,2.702,1.606155,2.233881,1.623744,0.335763626,0.462308814,0.0754
305,1/05/1985,26.65,25.65,3.1458,2.6685,1.398642,2.302726,1.613053,0.337527322,0.464954358,0.0622
306,1/06/1985,26.45,25.45,3.1281,2.6497,1.15609,2.360777,1.616601,0.346345802,0.468922674,0.0613
307,1/07/1985,26.6,25.7,2.9778,2.3433,1.247392,2.573542,1.599966,0.373242166,0.468040826,0.0708
308,1/08/1985,27.15,26.3,2.9427,2.3466,1.270601,2.392124,1.536405,0.374124014,0.453931258,0.0968
309,1/09/1985,27.15,26.15,2.9427,2.2941,1.243525,2.158344,1.511351,0.368832926,0.430121362,0.1129
310,1/10/1985,27.9,26.7,3.0979,2.4544,1.152513,1.972897,1.566252,0.38470619,0.411823016,0.1105
311,1/11/1985,29.05,26.9,3.4315,2.7816,1.09977,2.014728,1.587215,0.389335892,0.416452718,0.1208
312,1/12/1985,25.85,26.3,4.3422,3.3669,1.137707,2.128289,1.593409,0.391099588,0.438498918,0.1173
313,1/01/1986,25.75,25.4,5.2441,3.7516,1.096164,1.80611,1.696566,0.395288366,0.452828948,0.1067
314,1/02/1986,17.55,14.8,5.0307,3.5721,1.136248,1.710037,1.71618,0.396390676,0.456797264,0.1235
315,1/03/1986,13.85,11.45,5.2823,3.7229,1.141295,1.595866,1.711556,0.40675239,0.457017726,0.1533
316,1/04/1986,12.5,10.3,4.9833,3.4703,1.050301,1.793921,1.697564,0.415791332,0.452828948,0.1837
317,1/05/1986,14.2,11.5,4.6592,3.1416,0.9781168,2.333387,1.700733,0.423066578,0.460545118,0.1691
318,1/06/1986,11.85,10.2,3.9039,2.7602,0.8951004,2.296226,1.684884,0.418657338,0.462088352,0.1401
319,1/07/1986,9.45,7.85,3.7988,2.7761,0.914082,2.485415,1.717531,0.425050736,0.462308814,0.1224
320,1/08/1986,13.65,12.15,3.8345,2.9751,1.055938,2.363044,1.726126,0.418657338,0.462088352,0.1228
321,1/09/1986,14.2,13.1,4.4011,3.6062,1.028959,2.355955,1.718885,0.414689022,0.460104194,0.1032
322,1/10/1986,13.8,13.15,3.9152,3.2808,1.091428,2.477828,1.715457,0.402122688,0.464733896,0.1188
323,1/11/1986,14.55,13.55,3.4545,3.1337,1.405932,2.428964,1.694221,0.401020378,0.466938516,0.131
324,1/12/1986,15.9,14.9,3.0034,2.7465,1.508766,2.30886,1.707252,0.40454777,0.465395282,0.1259
325,1/01/1987,18.4,17.2,2.7234,2.4996,1.50154,2.171012,1.344455,0.424251343,0.4739933,0.1431
326,1/02/1987,17.3,16.7,2.6645,2.4269,1.348832,2.082186,1.325942,0.429920874,0.479725275,0.1626
327,1/03/1987,17.9,16.9,2.2877,2.157,1.425492,2.111772,1.332319,0.448453141,0.479725275,0.1665
328,1/04/1987,18.1,16.95,2.3712,2.229,1.373472,2.476778,1.340366,0.459206407,0.481929945,0.1472
329,1/05/1987,18.75,17.05,2.586,2.3281,1.145697,2.525802,1.337662,0.469630088,0.485236825,0.1484
330,1/06/1987,18.85,17.25,2.3176,2.1615,1.192028,2.447041,1.318785,0.45916133,0.486339202,0.142
331,1/07/1987,19.8,17.75,2.2023,2.0388,1.317017,2.5332,1.301399,0.474516399,0.486559627,0.1345
332,1/08/1987,18.95,17.3,2.2531,2.0845,1.444868,2.341985,1.298138,0.470192546,0.48237088,0.1238
333,1/09/1987,18.35,17,2.4365,2.1898,1.358648,2.269411,1.295532,0.484687907,0.48237088,0.1283
334,1/10/1987,18.8,17.05,2.6319,2.2822,1.386792,2.271231,1.270255,0.489565893,0.478182048,0.1466
335,1/11/1987,17.8,16.6,2.7884,2.3111,1.34024,2.23899,1.269088,0.523225404,0.47950485,0.1616
336,1/12/1987,17.1,15.5,2.7972,2.2716,1.352861,2.064999,1.288159,0.538714065,0.479725275,0.1829
337,1/01/1988,16.85,15.4,2.8223,2.2511,1.487373,1.845895,1.425529,0.53147225,0.481268586,0.2131
338,1/02/1988,15.75,15.05,3.0544,2.2702,1.574425,1.816721,1.399503,0.517684251,0.487220986,0.1858
339,1/03/1988,14.75,13.4,3.0104,2.1817,1.504356,1.749231,1.411131,0.539530504,0.488543789,0.1878
340,1/04/1988,16.6,14.95,3.0075,2.1204,1.479805,1.779899,1.410569,0.552885265,0.488543789,0.1883
341,1/05/1988,16.4,14.85,3.0567,2.0737,1.343664,2.284813,1.401472,0.551426263,0.48788243,0.1962
342,1/06/1988,15.55,13.8,3.1718,2.0608,1.335542,2.2892,1.37104,0.525200188,0.496921368,0.233
343,1/07/1988,14.9,13.05,3.1299,1.881,1.235329,2.372436,1.328036,0.502625885,0.516542473,0.3092
344,1/08/1988,14.95,13.15,2.9228,1.8001,1.229864,2.147821,1.310352,0.500365204,0.482811814,0.2457
345,1/09/1988,13.3,11.55,3.0391,1.9789,1.206661,1.988821,1.306623,0.496194664,0.479945784,0.224
346,1/10/1988,12.45,10.3,2.9502,2.0744,1.290978,2.006786,1.31439,0.511565418,0.479284425,0.2266
347,1/11/1988,13,10.6,2.9848,2.0428,1.338671,1.937788,1.323594,0.532866369,0.478402557,0.239
348,1/12/1988,15.15,12.5,3.2546,2.2151,1.315231,1.932868,1.31165,0.538678701,0.484795975,0.2473
349,1/01/1989,17,14.45,3.3563,2.2342,1.264194,1.920201,1.660717,0.538566639,0.48237088,0.2127
350,1/02/1989,16.65,14.6,3.0854,2.1191,1.345096,1.955809,1.649528,0.53185894,0.486559627,0.2324
351,1/03/1989,18.7,15.95,3.0966,2.081,1.445718,1.979456,1.620631,0.520090129,0.48766192,0.2544
352,1/04/1989,19.75,16.9,3.172,2.011,1.474706,2.247648,1.604711,0.515599086,0.491630243,0.2681
353,1/05/1989,18.35,15.65,3.0993,2.0133,1.529357,2.520002,1.537208,0.494626879,0.494937207,0.2641
354,1/06/1989,17.5,15.4,2.7628,1.8464,1.408907,2.266237,1.477507,0.470901253,0.506842175,0.2787
355,1/07/1989,17.75,15.5,1.942,1.4383,1.343868,2.491181,1.489687,0.500855378,0.519408502,0.309
356,1/08/1989,17.1,15,1.7308,1.314,1.400408,2.463122,1.465933,0.493374384,0.519628927,0.3086
357,1/09/1989,17.8,15.6,1.7289,1.3234,1.792773,3.23968,1.431911,0.484927002,0.5180857,0.3115
358,1/10/1989,19,16.15,1.5135,1.1806,1.8325,2.966303,1.421517,0.490277628,0.510149055,0.3184
359,1/11/1989,19.15,16.15,1.5624,1.1744,1.73075,2.585179,1.423045,0.485640209,0.512353725,0.3312
360,1/12/1989,19.85,17.1,1.5977,1.1317,1.78325,2.494983,1.430844,0.492577793,0.503535211,0.2956
361,1/01/1990,20.95,17.45,1.6761,1.0907,1.891,2.642499,1.736492,0.509895536,0.508164893,0.313
362,1/02/1990,19.9,16.8,1.8508,1.1036,2.013,2.767321,1.618635,0.523622522,0.50441708,0.3229
363,1/03/1990,18.45,15.8,2.0885,1.2292,3.01675,2.606892,1.648115,0.501741451,0.519849436,0.3386
364,1/04/1990,16.75,14.3,2.088,1.2335,1.889,2.865741,1.589882,0.505313665,0.524479118,0.336
365,1/05/1990,16.7,14.6,2.0496,1.1821,1.79,3.303695,1.360902,0.518200874,0.520069861,0.3225
366,1/06/1990,15.7,13.25,1.9654,1.1171,1.6005,3.092192,1.122307,0.527358351,0.513896952,0.286
367,1/07/1990,17.55,15.3,1.9103,1.1039,1.5945,3.068443,1.316561,0.618886404,0.516321964,0.2643
368,1/08/1990,27.05,25,2.0818,1.1856,1.738076,2.880244,1.262782,0.650190706,0.512794575,0.241
369,1/09/1990,34.1,30.3,2.103,1.228,1.79421,2.802619,1.478987,0.643894885,0.512133216,0.243
370,1/10/1990,36.05,31.55,2.019,1.2392,1.821184,2.813694,1.604366,0.666248806,0.513456018,0.2164
371,1/11/1990,33,27.95,1.8678,1.2231,1.69526,2.254658,1.575517,0.672719301,0.510369564,0.2217
372,1/12/1990,28,23.25,1.9661,1.2447,1.683902,2.608696,1.521667,0.660141368,0.495598566,0.2147
373,1/01/1991,23.65,19.4,1.8945,1.1647,1.678834,2.522778,1.554415,0.662367863,0.480607143,0.1941
374,1/02/1991,19.4,14.45,1.9667,1.1435,1.642343,2.1815,1.481395,0.673332387,0.472229564,0.1876
375,1/03/1991,19.45,14.85,2.0628,1.1324,1.740283,2.06454,1.479775,0.627168909,0.472450073,0.2015
376,1/04/1991,19.25,15.35,2.0273,1.1229,1.634483,2.173848,1.47494,0.59940297,0.467820391,0.1875
377,1/05/1991,19.3,15.9,1.9375,1.0375,1.586256,2.647591,1.47815,0.591319151,0.469143109,0.1671
378,1/06/1991,18.2,15.4,1.891,1.0005,1.515269,2.482435,1.376949,0.564392442,0.471788714,0.2028
379,1/07/1991,19.45,16.25,1.8351,1.0005,1.230142,2.209798,1.356797,0.57598006,0.468405303,0.2273
380,1/08/1991,19.75,16.65,1.8027,0.99,1.232421,2.011312,1.349087,0.588363177,0.479936954,0.2086
381,1/09/1991,20.5,17.8,1.9193,1.0287,1.236162,2.028593,1.381346,0.602437872,0.486202709,0.2048
382,1/10/1991,22.2,18.95,1.7586,1.0115,1.249466,1.924474,1.410403,0.602018467,0.48011617,0.2011
383,1/11/1991,21.25,18.45,1.724,1.1112,1.209253,1.907981,1.384587,0.621234464,0.479620907,0.1903
384,1/12/1991,18.4,15.3,1.6612,1.1197,1.202926,1.802899,1.420983,0.637207035,0.473489375,0.1984
385,1/01/1992,18.15,15.2,1.6184,1.0765,1.267087,1.519852,1.454708,0.633320457,0.471247533,0.1833
386,1/02/1992,18.1,15.75,1.5091,0.9385,1.229947,1.416288,1.388091,0.621038765,0.475768053,0.1728
387,1/03/1992,17.6,15.8,1.5514,0.9389,1.341158,1.4017,1.393904,0.602720993,0.470836706,0.1812
388,1/04/1992,18.95,16.7,1.4533,0.9118,1.54378,1.484357,1.53262,0.613968177,0.470990861,0.2086
389,1/05/1992,19.9,17.6,1.3417,0.8307,1.572503,1.98146,1.632439,0.632831165,0.46355814,0.2114
390,1/06/1992,21.15,19,1.3027,0.8195,1.402295,1.971804,1.683557,0.647671335,0.460484973,0.2284
391,1/07/1992,20.25,18.5,1.2831,0.864,1.307172,2.029355,1.762384,0.670707429,0.464926861,0.2273
392,1/08/1992,19.75,17.8,1.1669,0.8565,1.58783,1.804944,1.795825,0.67770813,0.469258662,0.2162
393,1/09/1992,20.25,18.3,1.1735,0.9034,1.541156,1.652762,1.918955,0.654296952,0.475116618,0.2053
394,1/10/1992,20.3,18.25,1.3574,0.9742,1.600387,1.662418,1.893414,0.596953318,0.476799198,0.192
395,1/11/1992,19.2,17.1,1.4839,1.0509,1.536286,1.630745,1.817775,0.569982036,0.471370991,0.1889
396,1/12/1992,18.15,16.25,1.7016,1.1202,1.402072,1.728475,1.862866,0.611965345,0.464713837,0.1797
397,1/01/1993,17.4,15.2,1.5298,1.034,1.503645,1.870611,1.91,0.6322,0.4576,0.1817
398,1/02/1993,18.45,16,1.4914,1.0361,1.590484,2.167557,1.78,0.6117,0.4641,0.1887
399,1/03/1993,18.75,16.3,1.4026,1.0119,1.545754,1.696737,1.58,0.6294,0.4755,0.2341
400,1/04/1993,18.65,16.35,1.2758,0.9894,1.491452,1.769253,1.46,0.6637,0.4783,0.2458
401,1/05/1993,18.5,16,1.3708,1.0179,1.320317,1.853755,1.42,0.6559,0.4709,0.2608
402,1/06/1993,17.65,15.6,1.3779,1.0267,1.348695,1.981021,1.48,0.6372,0.4717,0.2291
403,1/07/1993,16.8,14.25,1.5831,1.0891,1.327859,1.953777,1.59,0.6129,0.4825,0.2134
404,1/08/1993,16.7,14.75,1.6958,1.2888,1.386884,1.841074,1.51,0.5957,0.4838,0.2059
405,1/09/1993,16,14.2,1.7807,1.3779,1.524164,1.718812,1.45,0.6086,0.4841,0.2103
406,1/10/1993,16.6,14.8,1.6896,1.299,1.486562,1.688556,1.54,0.6004,0.4822,0.2269
407,1/11/1993,15.15,13.7,1.7328,1.355,1.40598,1.764743,1.46,0.5912,0.4821,0.2231
408,1/12/1993,13.6,12.15,1.7921,1.3627,1.376271,1.830388,1.51,0.5949,0.4849,0.2319
409,1/01/1994,14.25,13.15,1.7405,1.3093,1.383476,1.740835,1.5,0.596,0.4851,0.2271
410,1/02/1994,13.8,12.8,1.8503,1.3404,1.4139,1.425247,1.61,0.5904,0.4835,0.2385
411,1/03/1994,13.95,12.25,1.9181,1.4265,1.399083,1.362973,1.66,0.5953,0.4839,0.2586
412,1/04/1994,15.15,13.8,1.9967,1.5833,1.27765,1.178814,1.58,0.592,0.4859,0.2427
413,1/05/1994,16.2,14.8,2.687,2.0933,1.178077,1.851132,1.54,0.6001,0.489,0.2553
414,1/06/1994,16.75,15.7,3.1621,2.4776,1.224481,1.633706,1.57,0.6088,0.495,0.2657
415,1/07/1994,17.6,16.4,4.8256,3.6155,1.216221,1.850783,1.71,0.6296,0.5007,0.2596
416,1/08/1994,16.8,15.85,4.4189,3.585,1.349189,1.731222,1.66,0.6345,0.4828,0.2668
417,1/09/1994,15.9,15.25,4.8943,4.0297,1.421099,1.62223,1.57,0.6466,0.4802,0.2777
418,1/10/1994,16.4,15.35,4.45,3.7352,1.430328,1.48069,1.6,0.6642,0.4745,0.2811
419,1/11/1994,17.2,15.95,4.0325,3.3803,1.349938,1.469853,1.46,0.6574,0.4756,0.3073
420,1/12/1994,15.96,14.7,3.7157,2.8601,1.327972,1.550269,1.39,0.6451,0.4919,0.3234
421,1/01/1995,16.63,16.08,3.8056,2.8999,1.364262,1.642469,1.38,0.6513,0.4995,0.3254
422,1/02/1995,17.08,16.64,3.7431,2.9694,1.377246,1.496595,1.3575,0.6504,0.4998,0.3177
423,1/03/1995,17.01,16.49,3.9558,3.2194,1.363096,1.344409,1.335,0.6799,0.4952,0.3217
424,1/04/1995,18.67,17.4,3.8449,3.1918,1.361928,1.394592,1.35,0.7008,0.5023,0.302
425,1/05/1995,18.38,17.25,3.7701,3.1063,1.308731,1.872288,1.302,0.7066,0.5093,0.2981
426,1/06/1995,17.35,16.24,3.4059,2.84,1.204146,1.979186,1.2925,0.7024,0.5187,0.3091
427,1/07/1995,15.86,14.97,3.2112,2.6403,1.222782,2.204687,1.282,0.7048,0.5402,0.2996
428,1/08/1995,16.07,15.37,3.3777,2.87,1.398069,1.876227,1.24,0.6937,0.5168,0.2862
429,1/09/1995,16.78,15.65,2.9643,2.5364,1.566794,1.777377,1.305,0.6883,0.5117,0.2577
430,1/10/1995,16.12,14.92,2.8058,2.4859,1.616761,1.787275,1.268,0.6978,0.5062,0.2604
431,1/11/1995,16.88,15.56,2.7613,2.4412,1.802234,1.842744,1.235,0.6953,0.4982,0.2641
432,1/12/1995,17.96,16.81,2.3422,2.0479,1.479748,1.690861,1.27,0.6845,0.5004,0.2714
433,1/01/1996,17.94,16.57,2.4394,1.9839,1.715647,1.475975,1.37,0.6865,0.4938,0.2762
434,1/02/1996,17.97,16.05,2.7357,2.1361,1.783177,1.423616,1.34,0.6892,0.4975,0.2824
435,1/03/1996,19.99,17.05,2.6641,2.0049,1.921497,1.411517,1.3667,0.685,0.4976,0.2846
436,1/04/1996,21.01,17.77,2.7227,1.9989,1.931025,1.745645,1.415,0.6797,0.498,0.2641
437,1/05/1996,19.12,16.99,2.8499,2.0106,1.839466,1.915514,1.425,0.6797,0.498,0.2511
438,1/06/1996,18.27,17,2.7659,1.8984,1.741527,1.849412,1.3975,0.6808,0.4958,0.2683
439,1/07/1996,19.61,17.79,2.7,1.7077,1.855392,2.14085,1.374,0.6969,0.4806,0.2824
440,1/08/1996,20.58,18.77,2.7827,1.7465,1.954701,1.821449,1.435,0.6766,0.4927,0.2727
441,1/09/1996,22.59,20.26,2.6169,1.6389,2.104617,1.678654,1.4472,0.6808,0.4932,0.2628
442,1/10/1996,24.18,21.71,2.7381,1.6076,2.141606,1.546468,1.491875,0.6923,0.493,0.2452
443,1/11/1996,22.64,20.87,2.7353,1.5476,1.856011,1.462395,1.5,0.7046,0.4877,0.2363
444,1/12/1996,23.9,21.65,2.5798,1.3902,1.824765,1.563411,1.513125,0.6455,0.4871,0.2368
445,1/01/1997,23.47,21.28,2.9291,1.4813,1.765621,1.618793,1.5725,0.6896,0.4824,0.2357
446,1/02/1997,20.83,18.6,3.7119,1.6623,1.817979,1.59689,1.6125,0.6541,0.4824,0.2383
447,1/03/1997,19.21,18.09,4.2924,1.7688,1.784457,1.63743,1.7925,0.6457,0.4808,0.2449
448,1/04/1997,17.47,16.77,4.5633,1.7062,1.917767,1.749072,1.9825,0.6336,0.4791,0.2491
449,1/05/1997,19.1425,18.455,5.8923,2.0635,1.982243,2.210377,1.99,0.6349,0.4784,0.2447
450,1/06/1997,17.55,17.34,4.8947,1.9564,2.019573,2.295695,1.932,0.6393,0.4769,0.252
451,1/07/1997,18.4,17.29,4.1978,1.756,1.953914,2.595415,2.0075,0.6329,0.4859,0.2474
452,1/08/1997,18.71,17.77,4.2064,1.6413,2.09584,2.431108,2.2075,0.599,0.4907,0.2579
453,1/09/1997,18.45,17.95,4.1859,1.6568,2.177891,2.374009,2.082,0.5828,0.4914,0.2498
454,1/10/1997,19.85,19.06,3.6963,1.6429,2.238921,2.376516,2.225,0.5944,0.4905,0.2509
455,1/11/1997,19,18.38,3.5333,1.6764,2.225626,2.388797,2.3825,0.6149,0.4828,0.2648
456,1/12/1997,17,16.18,3.9119,1.821,2.261597,2.465579,2.396667,0.6056,0.4824,0.2723
457,1/01/1998,15.09,13.4,3.9198,1.8389,2.377544,2.504986,2.55,0.5957,0.4817,0.254
458,1/02/1998,14.06,12.43,3.9282,1.8378,2.363436,2.37065,2.8075,0.5973,0.4804,0.2363
459,1/03/1998,13.08,11.53,3.4756,1.812,2.338199,2.079531,2.285,0.6052,0.4793,0.2169
460,1/04/1998,13.39,11.79,3.3146,1.9615,2.200361,2.443367,1.953333,0.6091,0.4881,0.2134
461,1/05/1998,14.39,12.79,3.0362,2.0005,2.214567,2.309527,1.5575,0.5911,0.4919,0.2035
462,1/06/1998,12.058,11.673,2.7542,1.8239,2.043,2.132187,1.558,0.5874,0.4945,0.1786
463,1/07/1998,12.01,11.977,2.5926,1.6984,1.9787,2.282383,1.6825,0.5835,0.4998,0.1901
464,1/08/1998,11.8805,12.181,2.7163,1.748,2.0287,2.12637,1.702,0.5783,0.4898,0.1882
465,1/09/1998,13.36,13.07,2.4659,1.7593,1.9104,2.0263,1.7525,0.5959,0.4835,0.1594
466,1/10/1998,12.56,12.81,2.4189,1.7703,1.8387,2.0017,1.7375,0.6078,0.4775,0.1645
467,1/11/1998,10.92,11.76,2.5655,1.7672,1.8761,1.9284,1.588,0.6076,0.4813,0.1777
468,1/12/1998,9.8,10.12,2.588,1.8532,1.726,1.7703,1.6133,0.6109,0.4892,0.1781
469,1/01/1999,11.06,10.78,2.4903,1.8142,1.7988,1.7348,1.75,0.6036,0.4941,0.1788
470,1/02/1999,10.2,10.05,2.3254,1.7467,1.5386,1.6621,1.77,0.5955,0.4925,0.1504
471,1/03/1999,12.47,12.37,2.3234,1.6186,1.4709,1.4709,1.888,0.5924,0.4969,0.1329
472,1/04/1999,15.3,14.96,2.2511,1.5282,1.4741,1.8076,1.8667,0.5889,0.4982,0.1195
473,1/05/1999,15.14,15.3,2.4487,1.4978,1.458,2.6012,1.71,0.5908,0.4993,0.1263
474,1/06/1999,15.77,15.52,2.3636,1.446,1.4434,2.2918,1.6775,0.5836,0.4989,0.1332
475,1/07/1999,19.01,17.88,2.0911,1.3572,1.6031,2.4138,1.665,0.5754,0.4982,0.1186
476,1/08/1999,20.22,19.34,2.0144,1.3905,1.678,2.1247,1.664,0.5875,0.4685,0.1263
477,1/09/1999,22.4,21.84,1.8587,1.3133,1.8387,2.2096,1.9775,0.5935,0.4436,0.147
478,1/10/1999,21.95,21.26,2.0768,1.2901,1.8664,2.306,1.995,0.6061,0.4284,0.1488
479,1/11/1999,24.59,23.05,2.4996,1.39,1.8396,2.21,1.812,0.5935,0.3836,0.1435
480,1/12/1999,25.59,23.63,2.7439,1.4725,1.7823,1.9823,1.8267,0.59,0.3896,0.1318
481,1/01/2000,25.38,23.28,2.4496,1.1724,1.8273,1.8612,1.876,0.6001,0.39,0.1241
482,1/02/2000,27.7048,24.6771,2.2805,1.0772,1.808,1.5236,2.105,0.5851,0.3765,0.1173
483,1/03/2000,27.47,25.08,2.2207,1.0196,1.8245,1.3671,2.0625,0.5778,0.4054,0.1127
484,1/04/2000,22.54,22.03,2.0858,0.98,1.8111,1.5254,2.03,0.5794,0.4279,0.1325
485,1/05/2000,27.34,25.39,2.0756,0.9771,1.7102,2.2003,2.01,0.5547,0.4215,0.1526
486,1/06/2000,29.6773,27.3241,1.9057,0.9409,1.5749,1.9693,2.0475,0.5514,0.4203,0.1845
487,1/07/2000,28.53,26.0271,1.9257,0.8999,1.6748,2.3602,2.11,0.5515,0.4151,0.2125
488,1/08/2000,29.43,27.0504,1.6958,0.8433,1.7564,1.9974,2.1,0.5507,0.4163,0.2302
489,1/09/2000,32.621,29.7415,1.6707,0.8561,1.8756,1.9003,2.1075,0.5245,0.4314,0.2211
490,1/10/2000,30.9323,30.2223,1.6901,0.7967,1.9144,1.7951,1.966,0.5307,0.476,0.237
491,1/11/2000,32.52409091,30.10090909,1.5772,0.7233,1.8724,1.5786,2.005,0.5213,0.4799,0.2189
492,1/12/2000,25.1255,22.086,1.4586,0.6698,1.8705,1.5937,1.9233,0.534697512,0.4708,0.2209
493,1/01/2001,25.63636364,22.68545455,1.4546,0.7143,1.8511,1.8123,1.872,0.53021111,0.4731,0.2275
494,1/02/2001,27.406,24.742,1.4813,0.6962,1.7851,1.6055,1.7225,0.531533882,0.4749,0.2176
495,1/03/2001,24.39545455,23.43363636,1.4661,0.6729,1.7584,1.3017,1.6725,0.528392299,0.4751,0.2044
496,1/04/2001,25.641,24.0925,1.4579,0.6281,1.6529,1.7048,1.435,0.560299764,0.4741,0.1939
497,1/05/2001,28.45047619,25.58,1.526,0.6512,1.4877,1.8317,1.4625,0.521238307,0.4707,0.2113
498,1/06/2001,27.72428571,25.61380952,1.4088,0.6431,1.4448,1.9564,1.425,0.512058269,0.4639,0.1993
499,1/07/2001,24.53818182,23.43,1.2946,0.6047,1.4357,2.0809,1.536,0.516939298,0.4632,0.1938
500,1/08/2001,25.69782609,24.32043478,1.3166,0.5692,1.518,1.7493,1.475,0.525360946,0.4694,0.1788
501,1/09/2001,25.544,23.964,1.2802,0.5351,1.5812,1.6136,1.3875,0.534781287,0.4709,0.1662
502,1/10/2001,20.47826087,19.54173913,1.2434,0.5124,1.6074,1.3734,1.382,0.530652034,0.4664,0.1497
503,1/11/2001,18.94227273,17.53227273,1.2974,0.5221,1.6679,1.4142,1.4025,0.526112721,0.4702,0.1695
504,1/12/2001,18.60473684,17.642,1.2505,0.5368,1.6091,1.49,1.4275,0.526229566,0.4724,0.1727
505,1/01/2002,19.485,18.29181818,1.2842,0.5029,1.6557,1.2904,1.4575,0.524038174,0.4674,0.1713
506,1/02/2002,20.2915,18.91105263,1.3034,0.5373,1.7024,1.1568,1.505,0.520069858,0.4604,0.1437
507,1/03/2002,23.6905,22.8545,1.4213,0.6415,1.7,1.0256,1.54,0.520069858,0.4456,0.1477
508,1/04/2002,25.65409091,24.40545455,1.4425,0.6468,1.5977,1.3457,1.49,0.52690418,0.4344,0.1519
509,1/05/2002,25.38727273,24.58521739,1.3536,0.6243,1.4779,1.5164,1.39,0.533672363,0.4371,0.134
510,1/06/2002,24.12789474,23.82777778,1.2912,0.6266,1.4256,1.7354,1.4525,0.542642962,0.4407,0.1268
511,1/07/2002,25.76782609,24.5726087,1.2452,0.6305,1.3913,1.8611,1.48,0.56803798,0.457,0.1409
512,1/08/2002,26.63285714,25.32409091,1.1964,0.6146,1.5012,1.5569,1.495,0.561737176,0.461,0.1387
513,1/09/2002,28.34238095,26.83,1.3375,0.7072,1.6097,1.5595,1.5625,0.568593544,0.4744,0.1534
514,1/10/2002,27.54869565,26.18086957,1.4491,0.7348,1.6113,1.5699,1.545,0.569365161,0.4813,0.1656
515,1/11/2002,24.1847619,23.15952381,1.5404,0.8358,1.5367,1.5154,1.515,0.575119219,0.4916,0.1726
516,1/12/2002,28.52095238,25.70428571,1.4145,0.8391,1.5347,1.4336,1.4725,0.57981506,0.4856,0.1753
517,1/01/2003,31.24666667,28.0547619,1.445569,0.9078625,1.59268,1.453995,1.5075,0.589956312,0.4859927,0.1805584
518,1/02/2003,32.6485,30.199,1.464088,0.896619,1.48862,1.500481,1.43,0.589795375,0.4890215,0.1986363
519,1/03/2003,30.33904762,27.42285714,1.361353,0.8194572,1.465689,1.210824,1.5075,0.578752433,0.490528,0.1814402
520,1/04/2003,25.016,23.43047619,1.426169,0.8249688,1.433609,1.386945,1.5025,0.575758559,0.4818798,0.1708581
521,1/05/2003,25.8095,24.25285714,1.460781,0.8333463,1.444441,1.420252,1.5225,0.593381534,0.4816465,0.1580713
522,1/06/2003,27.54571429,25.49571429,1.3457,0.7542005,1.431108,1.540951,1.5025,0.607152348,0.4767333,0.1483709
523,1/07/2003,28.39826087,26.62695652,1.387808,0.7793332,1.4943,1.840725,1.546,0.59414509,0.4706864,0.150796
524,1/08/2003,29.82571429,27.61714286,1.408532,0.800277,1.5542,1.494868,1.55,0.582835389,0.4685762,0.1505755
525,1/09/2003,27.09818182,25.265,1.464099,0.8234256,1.610164,1.397586,1.575,0.588413078,0.4666341,0.1318363
526,1/10/2003,29.59043478,27.13130435,1.417571,0.7910177,1.675595,1.454588,1.67,0.612663898,0.463507,0.1320567
527,1/11/2003,28.772,27.504,1.373037,0.7519958,1.672971,1.39911,1.6225,0.613325284,0.4595898,0.1340409
528,1/12/2003,29.92666667,27.85761905,1.429917,0.7914586,1.629681,1.482222,1.5875,0.639560262,0.4497425,0.138383
529,1/01/2004,31.1752381,28.6847619,1.603420126,0.878320608,1.640715168,1.351569892,1.63,0.665574778,0.451239301,0.128088422
530,1/02/2004,30.866,28.398,1.680140902,0.81681171,1.662524773,1.382872744,1.6475,0.682789856,0.455161204,0.128749808
531,1/03/2004,33.79913043,30.46478261,1.720926372,0.80909554,1.72020568,1.227151959,1.592,0.668267117,0.465817035,0.142418452
532,1/04/2004,33.36227273,31.06666667,1.663165328,0.801820294,1.722825577,1.758769173,1.54,0.659744457,0.463988524,0.145063996
533,1/05/2004,37.91631579,34.47238095,1.697336938,0.806009072,1.71572338,1.767673755,1.5225,0.653619124,0.457557858,0.139772908
534,1/06/2004,35.19136364,33.40590909,1.812418102,0.878981994,1.532276072,1.981834919,1.505,0.668191662,0.441585386,0.152780166
535,1/07/2004,38.37045455,34.48363636,1.652142228,0.794104124,1.629716635,1.980514121,1.5325,0.673286741,0.448881628,0.174385442
536,1/08/2004,43.03,38.29857143,1.622820782,0.747586642,1.818129054,1.925062146,1.574,0.665267901,0.44312862,0.166969902
537,1/09/2004,43.38136364,35.47863636,1.774057714,0.754861888,1.888558281,1.891184235,1.635,0.655474113,0.453668803,0.169535278
538,1/10/2004,49.81809524,37.57904762,1.77582141,0.698203154,1.996505537,1.865511088,1.51,0.660309872,0.471505229,0.18629039
539,1/11/2004,43.05363636,34.8765,1.990110474,0.721131202,2.035557396,1.857312719,1.4525,0.678582036,0.450645324,0.179896992
540,1/12/2004,39.64428571,34.2615,2.295450344,0.809536464,2.008500732,1.669996318,1.51,0.705142393,0.452965424,0.18188115
541,1/01/2005,44.28333333,37.8135,2.362470792,0.814827552,1.952586354,1.389041246,1.508,0.686736787,0.454658783,0.192242864
542,1/02/2005,45.557,40.935,2.664503732,0.909185288,1.911131877,1.379902466,1.4825,0.690162702,0.448860632,0.20062042
543,1/03/2005,53.08409091,45.57636364,2.976898386,1.091507362,1.941353338,1.337605859,1.4875,0.696759922,0.454181783,0.195770256
544,1/04/2005,51.85714286,47.10142857,2.855644286,1.11884465,1.88550021,1.832825803,1.4675,0.692744368,0.467694386,0.189376858
545,1/05/2005,48.66590909,45,2.830070694,1.236130434,1.76026437,1.652970472,1.41,0.679155274,0.482622813,0.189376858
546,1/06/2005,54.30681818,50.975,2.671117592,1.323212924,1.64917395,1.888110605,1.3925,0.665011963,0.482591318,0.19951811
547,1/07/2005,57.57904762,52.85238095,2.423538766,1.276034056,1.643265274,1.983054234,1.4525,0.640112176,0.48359442,0.212525368
548,1/08/2005,64.09,56.62590909,2.38539884,1.145741014,1.755832599,1.706738428,1.496,0.655690165,0.451697882,0.218918766
549,1/09/2005,62.98181818,56.54318182,2.193376438,1.033305394,1.885318097,1.567634033,1.5225,0.661199482,0.466613072,0.227296322
550,1/10/2005,58.52190476,53.66952381,2.31595331,1.047855886,1.961753779,1.573707401,1.536,0.644856085,0.478853962,0.245153744
551,1/11/2005,55.535,51.31047619,2.375257588,1.13427699,1.877712557,1.602148094,1.465,0.634475555,0.477002606,0.250885756
552,1/12/2005,56.7475,53.12714286,2.331826574,1.243185218,1.8911393,1.53612758,1.51,0.638160067,0.48281178,0.293434922
553,1/01/2006,63.57428571,58.31333333,2.73813804,1.397508618,1.894959735,1.512393437,1.68,0.645806712,0.515429133,0.34722765
554,1/02/2006,59.923,57.5765,2.626143344,1.388469676,1.94633286,1.456090032,2.3525,0.63917069,0.531974806,0.397713448
555,1/03/2006,62.25304348,57.64521739,2.505771092,1.31395352,1.940318858,1.343661117,1.96,0.637443267,0.508385372,0.380076488
556,1/04/2006,70.44210526,64.05684211,2.544572404,1.33489741,1.888085073,1.849635368,1.963333333,0.645901189,0.519977032,0.385588038
557,1/05/2006,70.18727273,64.9073913,2.410972432,1.324535696,1.74600091,1.852977014,2.07,0.683590743,0.516642676,0.370817084
558,1/06/2006,68.85772727,65.08090909,2.27406553,1.327842626,1.741063199,2.071633216,2.125,0.674016331,0.514167489,0.33951148
559,1/07/2006,73.89714286,69.04904762,2.314851,1.421759438,1.83263203,2.032237254,2.15,0.63012456,0.491718445,0.35384151
560,1/08/2006,73.61217391,68.78173913,2.463221926,1.622379858,1.897812329,1.878259356,2.0875,0.6364656,0.471501121,0.297978356
561,1/09/2006,62.77190476,59.77285714,2.421334146,1.699982482,1.996042649,1.857866626,1.8675,0.632298651,0.466530661,0.266318096
562,1/10/2006,58.38,56.50095238,2.438971106,1.657212854,1.982872556,1.839244398,1.736,0.626516738,0.447948721,0.256617768
563,1/11/2006,58.48318182,56.81545455,2.695588874,1.692927698,1.927537858,1.707537285,1.7225,0.639948404,0.435610866,0.259704236
564,1/12/2006,62.31473684,58.6695,2.831613928,1.690282154,2.122967616,1.648948683,1.713333333,0.656411381,0.431863012,0.255074534
565,1/01/2007,54.29909091,52.01181818,2.745413286,1.744515806,2.093452723,1.569887958,1.7,0.64573416,0.43903905,0.24140589
566,1/02/2007,57.757,55.6805,2.690297786,1.743413496,2.277568807,1.408352144,1.65,0.649526256,0.4569249,0.233028334
567,1/03/2007,62.14363636,59.05409091,2.581169096,1.6975574,2.421135531,1.265516576,1.63,0.657855785,0.45916222,0.230162328
568,1/04/2007,67.39842105,63.838,2.52649452,1.754436596,2.343035569,2.011803745,1.5875,0.671482724,0.460897857,0.214289064
569,1/05/2007,67.47608696,64.54478261,2.496511688,1.849896642,2.276781421,1.997368765,1.55,0.671242287,0.463210704,0.207895666
570,1/06/2007,71.31619048,65.75619048,2.630773046,2.043241816,2.313399003,2.250441588,1.6575,0.666634629,0.47010897,0.204809198
571,1/07/2007,77.20409091,69.45909091,2.593294506,2.039493962,2.485650546,2.267396403,1.636,0.681390556,0.465573751,0.224430316
572,1/08/2007,70.79652174,67.20565217,2.715871378,1.927719728,2.546070412,2.047339873,1.6125,0.676673215,0.48060716,0.216273222
573,1/09/2007,77.127,73.254,2.822795448,2.045446436,2.608065376,2.024632353,1.765,0.690375636,0.463074629,0.215170912
574,1/10/2007,82.85782609,77.14,2.960584198,2.00840882,2.900507227,2.095629863,1.75,0.70682112,0.447077765,0.220462
575,1/11/2007,92.52818182,86.73136364,2.8880522,2.041257658,2.913163033,1.998300722,1.7075,0.729300034,0.441750733,0.22266662
576,1/12/2007,91.45,85.75315789,3.033116196,2.014802218,3.086635775,2.118178891,1.733333333,0.723919426,0.445518892,0.235232954
577,1/01/2008,91.92045455,87.17363636,3.083381532,2.187203502,3.052670287,1.936367077,2.1425,0.731185724,0.446183593,0.263893014
578,1/02/2008,94.81666667,89.96210526,3.467646798,2.54523379,3.04256443,1.731290318,2.416666667,0.732699566,0.444010468,0.297844162
579,1/03/2008,103.2775,96.7785,3.304504918,2.687872704,3.061097001,1.631700534,2.095,0.7714,0.45525403,0.29100984
580,1/04/2008,110.1877273,103.4686364,3.10190034,2.453521598,2.916249258,2.352402764,2.195,0.782204503,0.451576323,0.276900272
581,1/05/2008,123.9361905,118.9486364,3.12945809,2.400390256,2.936519069,2.372256709,2.1425,0.77287176,0.459285335,0.266097634
582,1/06/2008,133.0485714,127.587619,3.22205213,2.454623908,3.101261068,2.596450257,2.31,0.772661211,0.479462857,0.267420406
583,1/07/2008,133.8730435,131.2247826,3.248728032,2.540383626,3.120361803,2.74459354,2.4125,0.78317064,0.52379767,0.313717426
584,1/08/2008,113.8490476,113.2109524,3.228225066,2.481520272,2.996419368,2.629780188,2.6,0.743976926,0.512679132,0.322094982
585,1/09/2008,99.06409091,95.96954545,3.158559074,2.323228556,2.980456653,2.453515934,2.572,0.71387676,0.509246224,0.298285086
586,1/10/2008,72.8426087,68.62086957,2.724689858,1.957041174,2.367122469,2.322743078,2.225,0.526089214,0.471922874,0.26234978
587,1/11/2008,53.241,51.3835,2.687211318,2.000913112,1.979864552,2.194657853,1.7275,0.502792604,0.433625547,0.266979482
588,1/12/2008,41.58090909,40.99681818,2.622836414,1.819031962,1.916480648,2.089057635,1.7725,0.530194715,0.435943563,0.25904285
589,1/01/2009,44.86,44.96714286,2.82852746,1.824102588,2.459436773,1.905514811,2.1925,0.523098362,0.444175815,0.277561658
590,1/02/2009,43.2425,43.138,2.854541976,1.768546164,2.542709871,1.745350675,2.1175,0.504867803,0.434948319,0.292553074
591,1/03/2009,46.83909091,45.57590909,2.833377624,1.682345522,2.847385474,1.670372538,2.138,0.51533732,0.435482597,0.29541908
592,1/04/2009,50.8452381,50.18,2.973591456,1.665149486,2.872939882,2.44382,2.21,0.520884947,0.468261288,0.30093063
593,1/05/2009,57.94095238,57.39571429,3.328755738,1.667133644,2.964667657,2.893693081,2.2225,0.538350246,0.476760098,0.353621048
594,1/06/2009,68.61681818,69.21090909,3.302300298,1.626789098,3.136443308,2.800668151,2.4075,0.55350979,0.49153005,0.362219066
595,1/07/2009,64.91,64.96956522,3.10630958,1.580271616,3.460327766,2.743997345,2.6725,0.556323101,0.507393293,0.406311466
596,1/08/2009,72.5047619,71.32428571,3.301638912,1.59504257,3.457637094,2.705318209,2.814,0.56344332,0.57464995,0.494716728
597,1/09/2009,67.68681818,67.90818182,3.274522086,1.627450484,3.764460182,2.741666994,2.965,0.54300342,0.63736614,0.508385372
598,1/10/2009,73.19409091,73.27545455,3.407681134,1.620616162,3.52390339,2.943637885,2.6125,0.487814818,0.677780356,0.499125968
599,1/11/2009,77.03666667,77.6252381,3.355652102,1.531769976,3.349506678,2.912280702,2.906,0.496348182,0.702458071,0.490748412
600,1/12/2009,74.66954545,75.48863636,3.486815969,1.540720733,3.26709531,2.67697834,2.976666667,0.489241283,0.734208607,0.518747086
601,1/01/2010,76.373,76.635,3.50314118,1.544997696,3.410523687,2.437717611,2.845,0.47811535,0.867692019,0.583562914
602,1/02/2010,74.312,73.56388889,3.480213132,1.496496056,3.321420059,2.294725617,2.9375,0.45847095,0.887405963,0.559753018
603,1/03/2010,79.27478261,77.36782609,3.6265999,1.48260695,3.321959301,1.742236093,2.8,0.454715891,0.77412835,0.411382092
604,1/04/2010,84.97857143,83.09238095,3.731098888,1.576744224,3.266393874,2.453346402,2.603333333,0.449788511,0.683841629,0.36265999
605,1/05/2010,76.25095238,76.874,3.820165536,1.556682182,3.218562808,2.847987287,2.33,0.420976952,0.681062234,0.33510224
606,1/06/2010,74.83818182,73.98318182,4.20861958,1.695793704,3.000761454,2.918382469,2.235,0.409092102,0.723736662,0.350093656
607,1/07/2010,74.73545455,72.65227273,4.480008302,1.879879474,3.044644643,3.232654621,2.315,0.427749318,0.732773695,0.384926652
608,1/08/2010,76.69318182,74.18380952,4.664755458,1.822779816,3.269552473,3.202597167,2.508,0.432057875,0.771727231,0.408075162
609,1/09/2010,77.78681818,75.27047619,4.909909202,1.791915136,3.348808551,3.181769667,2.4575,0.439011119,0.841503454,0.496259962
610,1/10/2010,82.91809524,80.34047619,4.798134968,1.879879474,3.372413997,3.246775208,2.485,0.454099563,0.842878717,0.542556982
611,1/11/2010,85.67,83.696,5.147346776,2.029132248,3.397942027,3.16575238,2.5175,0.445476082,0.856211419,0.58091737
612,1/12/2010,91.79652174,89.07454545,5.471205454,2.074326958,3.502762763,2.937479476,2.686666667,0.431943752,0.846854668,0.616872718
613,1/01/2011,96.29428571,92.369,5.815126174,2.228650358,3.558802351,2.611751776,2.892,0.436684585,0.847931662,0.652787982
614,1/02/2011,103.9555,100.2544444,6.346880518,2.41075197,3.559396963,2.299426934,2.7875,0.446134842,0.873911368,0.649701514
615,1/03/2011,114.4413043,108.5782609,6.439033634,2.604317606,3.570923336,1.964786168,2.7375,0.457774648,0.87509036,0.578492288
616,1/04/2011,123.07,115.7,6.616505544,2.587562494,3.372345005,3.02599699,2.666666667,0.472568864,0.842771111,0.537045432
617,1/05/2011,114.4581818,108.4645,6.417428358,2.689195476,3.100295979,3.136457663,2.616,0.467876507,0.781758252,0.48391409
618,1/06/2011,113.7577273,107.5245455,6.062264076,2.60034929,3.117771698,3.228472464,2.7075,0.470258275,0.783932809,0.555784702
619,1/07/2011,116.46,109.9833333,5.908822524,2.485268126,3.095739854,3.412294528,2.795,0.466695449,0.836201343,0.622143764
620,1/08/2011,110.0813043,105.0566667,5.962174328,2.470717634,3.156711457,3.114179145,2.795,0.468172744,0.880256839,0.61178205
621,1/09/2011,110.8790909,106.0018182,6.060059456,2.338219972,3.137854563,2.856308414,2.6675,0.449079375,0.885259912,0.587751692
622,1/10/2011,109.4685714,103.6685,5.463489284,2.16273222,3.234178914,2.782610427,2.692,0.448223038,0.828408011,0.56107579
623,1/11/2011,110.5040909,108.587619,5.403303158,2.143772488,3.15501105,2.548967421,2.6575,0.442596416,0.83607589,0.529549724
624,1/12/2011,107.9090476,106.2185714,5.218556002,2.169566542,3.110605367,2.361370354,2.613333333,0.429341791,0.798282404,0.507944448
625,1/01/2012,111.1561905,109.7805263,5.229508955,2.132308464,3.057574039,2.280342407,2.632,0.421594155,0.764848817,0.519408472
626,1/02/2012,119.702381,116.1461905,4.941876192,2.247169166,2.969949625,2.094040251,2.6375,0.432281467,0.741446775,0.531754344
627,1/03/2012,124.9286364,122.2759091,4.437018212,2.283324934,2.754233582,1.785968204,2.7325,0.431500056,0.763530053,0.53131342
628,1/04/2012,120.4635,117.25,4.22074499,2.24430316,3.204178313,2.388073851,2.782,0.429872699,0.702557279,0.50155105
629,1/05/2012,110.5217391,107.0545455,4.07083083,2.356297856,3.024186047,3.18312143,2.7975,0.418251517,0.66579524,0.458781422
630,1/06/2012,95.58904762,94.23619048,3.718973478,2.33028334,2.912317874,3.124992181,2.88,0.40975427,0.6306368,0.451285714
631,1/07/2012,103.1409091,99.22,4.19869879,2.360266172,2.989837231,3.110246738,2.988,0.401437239,0.632306012,0.504417056
632,1/08/2012,113.34,108.3704762,3.854212537,2.348380395,3.065822464,3.203550566,3.0825,0.405057215,0.633617373,0.460324656
633,1/09/2012,113.3825,110.9645,3.945828876,2.31374869,3.187976492,3.089164811,3.035,0.42040518,0.579049245,0.440657125
634,1/10/2012,111.9734783,108.7327273,3.821047384,2.303166514,3.158981935,2.988766529,2.88,0.423540511,0.52540103,0.447787078
635,1/11/2012,109.7118182,107.1333333,3.525407842,2.153252354,3.116123452,2.892319697,3.0425,0.419251829,0.496459428,0.426352512
636,1/12/2012,109.6765,105.689,3.367336588,2.129442458,3.310136416,2.862234144,3.076666667,0.428676867,0.492027092,0.425712122
637,1/01/2013,112.9736364,107.5827273,3.467646798,2.197785678,3.337707425,2.620401129,3.052,0.434390112,0.475599523,0.416101983
638,1/02/2013,116.5195,111.0933333,3.295025052,2.293466186,3.331605145,2.531338793,2.9125,0.435596751,0.457164701,0.402833066
639,1/03/2013,109.24,105.415,3.302079836,2.342629212,3.482502333,2.551314299,2.655,0.423105131,0.459454411,0.407738667
640,1/04/2013,102.8754545,101.6613636,3.302741222,2.241657616,3.391199159,2.908723372,2.3675,0.425360728,0.448058952,0.392512549
641,1/05/2013,103.0269565,100.3147619,3.24489391,2.186436678,3.29168897,3.184235116,2.3875,0.423817377,0.430191509,0.38851417
642,1/06/2013,103.11,100.3285,3.048096589,2.00147529,3.172734194,3.025387888,2.3075,0.431082876,0.422592585,0.376835697
643,1/07/2013,107.716087,103.3621739,3.050916106,2.098951605,3.173341284,3.038208338,2.284,0.42762819,0.423667838,0.371187861
644,1/08/2013,110.9645455,106.962,2.979634119,2.072583304,3.360373728,2.706338062,2.28,0.43495417,0.450564202,0.37548687
645,1/09/2013,111.6214286,108.4047619,2.916302831,1.935141949,3.591124238,2.548959896,2.12,0.436341697,0.464171718,0.383592857
646,1/10/2013,109.4786957,106.3022727,2.83734594,1.84526694,3.774589851,2.618744365,2,0.445395184,0.479677385,0.411458774
647,1/11/2013,108.0761905,105.8538095,2.690035331,1.757218616,3.723030556,2.523405196,2.09,0.440782913,0.459409739,0.389377885
648,1/12/2013,110.674,107.9195238,2.777159814,1.937640518,3.806758064,2.552111618,2.33,0.447496301,0.435454443,0.364896105
649,1/01/2014,107.42,104.01,2.926192126,1.934113126,3.899035344,2.161665033,2.5625,0.444845711,0.446876474,0.344582106
650,1/02/2014,108.81,104.94,3.828102168,2.11423058,3.653576888,1.851502204,2.222,0.446113616,0.47730023,0.366187382
651,1/03/2014,107.4,104.15,4.719870958,2.323008094,3.593738039,1.802832601,2.09,0.451403888,0.485677786,0.39462698
652,1/04/2014,107.79,104.73,4.926884776,2.32697641,3.547860533,2.37804666,2.086666667,0.45114264,0.536384046,0.39132005
653,1/05/2014,109.68,105.6,4.72229604,2.270538138,3.6651399,2.981656013,1.9625,0.44869344,0.543659292,0.402784074
654,1/06/2014,111.87,108.01,4.362722518,2.180589642,3.576362241,3.061157882,1.905,0.443827696,0.56548503,0.400579454
655,1/07/2014,106.98,105.76,4.34089678,2.244082698,3.509650672,3.288468037,2.095,0.442260208,0.546304836,0.402563612
656,1/08/2014,101.92,101.85,4.695179214,2.21013155,3.48655914,2.860302609,2.03,0.434879952,0.565264568,0.379635564
657,1/09/2014,97.34,96.99,4.641386486,2.216084024,3.367869205,2.645249263,1.892,0.421556304,0.559091632,0.353400586
658,1/10/2014,87.27,86.57,4.966788398,2.30823714,3.422732491,2.611809624,1.9125,0.413784176,0.582240142,0.36927385
659,1/11/2014,78.44,76.73,4.616033356,2.272081372,3.332729146,2.705153136,1.9025,0.407350944,0.534840812,0.356927978
660,1/12/2014,62.33,60.52,4.339133084,2.197344754,3.369627343,2.623814416,1.88,0.402289264,0.546966222,0.337968246
661,1/01/2015,48.07,45.98,4.188778,2.160748062,3.24,2.283636434,2.32,0.380311776,0.556446088,0.338188708
662,1/02/2015,57.93,55.83,3.943844718,2.168464232,3.11,1.835829723,2.4175,0.370874192,0.542777444,0.321654058
663,1/03/2015,55.79,54.91,3.543706188,2.031777792,3.08,1.424050042,2.724,0.353795104,0.530652034,0.290127992
664,1/04/2015,59.39,58.8,3.6155768,2.029573172,3.01,2.126129746,2.7675,0.352456208,0.537706818,0.288364296
665,1/05/2015,64.56,63.69,3.493881776,1.930365272,2.97,2.595660156,3.0925,0.36460424,0.542556982,0.294096308
666,1/06/2015,62.34,61.78,3.522100912,1.98966955,3.01,2.712210409,3.268,0.366171728,0.545863912,0.274695652
667,1/07/2015,55.87,56.25,3.40503559,1.920664944,3.04,2.856929651,3.3925,0.359346624,0.543879754,0.282852746
668,1/08/2015,46.99,47.22,3.459489704,1.891123036,2.91,2.797289179,3.17,0.363689872,0.5401319,0.2535313
669,1/09/2015,47.24,46.15,3.22205213,1.7967653,2.65,2.592161115,3.1025,0.366694224,0.533738502,0.261467932
670,1/10/2015,48.12,46.55,3.37858015,1.824984436,2.81,2.537122628,3.24,0.366955472,0.552036848,0.306662642
671,1/11/2015,44.42,42.22,3.262396676,1.802056388,2.92,2.489655558,3.055,0.350692784,0.566146416,0.32077221
672,1/12/2015,37.72,34.77,3.277388092,1.747822736,2.95,2.450543013,3.026666667,0.355068688,0.569453346,0.322756368
673,1/01/2016,30.8,27,3.197360386,1.647071602,2.85,2.084110053,2.7225,0.354742128,0.567910112,0.30974911
674,1/02/2016,33.2,29.5,3.25622374,1.632300648,2.83,1.745211823,2.48,0.362416288,0.5621781,0.292773536
675,1/03/2016,39.07,35.18,3.4722765,1.66669272,2.87,1.76615868,2.3025,0.362840816,0.580255984,0.340393328
676,1/04/2016,42.25,39.04,3.399964964,1.767664316,2.99,2.510163534,2.1125,0.37015576,0.61508898,0.335763626
677,1/05/2016,47.13,43.95,3.421349778,1.850337566,3.08,2.432631488,2.212,0.369306704,0.600979412,0.375005862
678,1/06/2016,48.48,45.83,3.64754379,1.894650428,2.96,2.576838211,2.4075,0.366824848,0.610018354,0.42879859
679,1/07/2016,45.07,42.62,3.786655312,2.002235884,3.18,2.704798635,2.4325,0.361403952,0.62060053,0.43210552
680,1/08/2016,46.14,43.74,3.693620348,2.023620698,3.46,2.555706467,2.31,0.366041104,0.629198548,0.443790006
681,1/09/2016,46.19,43.74,3.88674506,2.135835856,3.6,2.44213849,2.33,0.366139072,0.61619129,0.474654686
682,1/10/2016,49.73,48.26,3.945387952,2.28508863,3.88,2.39080589,2.394,0.360163024,0.629859934,0.489866564
683,1/11/2016,46.44,43.77,4.059146344,2.286631864,4.01,2.413085591,2.68,0.352978704,0.634048712,0.446215088
684,1/12/2016,54.07,51.78,3.566634236,2.24540547,3.91,2.359128475,2.673333333,0.3445208,0.644630888,0.407634238
685,1/01/2017,54.89,53.37,3.717209782,2.388044384,3.95,2.136404545,3.046,0.346708752,0.649040128,0.448199246
686,1/02/2017,55.49,54.17,3.66738537,2.347699838,3.97,1.850441397,3.06,0.347492496,0.674393258,0.447317398
687,1/03/2017,51.97,51.16,3.53069893,2.352990926,4.01,1.690657427,2.9225,0.348994672,0.66028369,0.398595296
688,1/04/2017,52.98,52.45,3.42597948,2.283545396,4.05,2.179968357,2.8725,0.349843728,0.633166864,0.362880452
689,1/05/2017,50.87,50.31,3.30693,2.168464232,4.02,2.634149331,2.94,0.3608488,0.626553004,0.354061972
690,1/06/2017,46.89,46.44,3.157456764,2.24761009,3.95,2.625312894,3.1375,0.366628912,0.613545746,0.30644218
691,1/07/2017,48.69,47.63,3.299434292,2.313528228,3.86,2.831651373,2.986,0.375772592,0.589294926,0.322315444
692,1/08/2017,51.37,50.43,3.304284456,2.304268824,4.13,2.766832705,2.896666667,0.385569392,0.553580082,0.316803894
693,1/09/2017,55.16,53.86,3.231091072,2.186542116,4.27,2.617789069,2.9575,0.38925952,0.59414509,0.317244818
694,1/10/2017,57.62,55.58,3.102120802,2.169125618,4.19,2.635006778,3.058,0.384001904,0.597231558,0.316142508
695,1/11/2017,62.57,60.58,3.10630958,2.013479446,4.11,2.61392769,2.98,0.383348784,0.601640798,0.330472538
696,1/12/2017,64.21,61.41,3.029588804,1.931026658,4.11,2.496444498,2.79,0.386581728,0.593704166,0.317024356
697,1/01/2018,68.99,66.02,3.060233022,1.95439563,4.16,2.188614225,2.958,0.398109296,0.586208458,0.310630958
698,1/02/2018,65.42,62.79,3.004456136,1.967402888,4.1,1.911296118,2.9875,0.403562848,0.569453346,0.298946472
699,1/03/2018,66.45,63.29,2.976898386,1.944033916,3.95,1.751507429,2.805,0.402779104,0.545202526,0.275136576
700,1/04/2018,71.63,68.43,2.961686508,1.946899922,3.88,2.278530935,2.685,0.400950368,0.549391304,0.265215786
701,1/05/2018,76.65,73.66,2.989685182,1.956379788,3.76,2.686357098,2.615,0.3861572,0.54233652,0.27227057
702,1/06/2018,75.19,73.22,2.954852186,1.897516434,3.39,2.690075728,2.523333333,0.38142208,0.567028264,0.2755775
703,1/07/2018,74.44,72.72,2.87923372,1.861140204,3.41,2.763627342,2.492,0.381454736,0.563059948,0.258381464
704,1/08/2018,73.13,72.13,2.760404702,1.780010188,3.34,2.587314185,2.395,0.377046176,0.56438272,0.244492358
705,1/09/2018,78.86,77.02,2.671558516,1.69094354,3.25,2.352338138,2.4125,0.380736304,0.55997348,0.250665294
706,1/10/2018,80.47,78.96,3.027825108,1.880981784,3.48,2.314053291,2.416,0.375119472,0.555784702,0.292773536
707,1/11/2018,65.17,65.11,3.022754482,1.841298624,3.36,2.387716705,2.3575,0.371037472,0.552036848,0.28439598
708,1/12/2018,56.46,56.47,2.80207202,1.710123734,3.18,2.394031607,2.296666667,0.371853872,0.556225626,0.27888443
709,1/01/2019,59.27,58.96,2.832054852,1.724894688,3.23,2.119373005,2.262,0.372964176,0.563721334,0.281970898
710,1/02/2019,64.13,64.32,2.83183439,1.73393363,3.27,1.720914171,2.155,0.370710912,0.57099658,0.286159676
711,1/03/2019,66.41,66.8,2.731303718,1.696675552,3.38,1.630566925,2.1325,0.369241392,0.578271826,0.280207202
712,1/04/2019,71.2,70.66,2.670456206,1.615545536,3.34,2.345072917,2.256,0.367086096,0.59414509,0.282411822
713,1/05/2019,70.53,69.13,2.65766941,1.567925744,3.09,2.707575797,2.3925,0.36525736,0.581137832,0.27337288
714,1/06/2019,63.3,61.3,2.860053526,1.631859724,2.78,2.750864703,2.155,0.368751552,0.584003838,0.284836904
715,1/07/2019,64,62.91,2.986598714,1.629875566,2.84,2.901882086,1.996666667,0.36640032,0.565705492,0.282852746
716,1/08/2019,59.25,58.92,2.782891826,1.560209574,3.06,2.71081612,2.11,0.363330656,0.56879196,0.271609184
717,1/09/2019,62.33,60.84,2.841534718,1.557343568,2.88,2.525996158,2.224,0.359477248,0.565264568,0.261908856
718,1/10/2019,59.37,58.47,2.799646938,1.513030706,2.94,2.462031928,2.343333333,0.360946768,0.574744434,0.277120734
719,1/11/2019,62.74,61.41,3.108073276,1.615545536,3.19,2.357390835,2.2975,0.360979424,0.600538488,0.28219136
720,1/12/2019,65.85,64.41,3.455080464,1.614443226,3.21,2.28431155,2.21,0.362873472,0.573421662,0.295639542
721,1/01/2020,63.6,63.76,3.134749178,1.55535941,3.27,1.965371426,2.2875,0.36264488,0.57099658,0.31195373
722,1/02/2020,55,54.51,2.9872601,1.500684834,3.35,1.599851236,2.1275,0.356244304,0.588854002,0.325842836
723,1/03/2020,32.98,33.75,3.270112846,1.487236652,3.08,1.32775729,1.994,0.361305984,0.597231558,0.260806546
724,1/04/2020,23.34,23.27,3.406578824,1.410074952,3.66,1.297530929,2.11,0.354905408,0.573642124,0.225091702
725,1/05/2020,31.02,31.56,3.303402608,1.422641286,3.76,1.789109687,1.9725,0.356015712,0.56989427,0.241626352
726,1/06/2020,39.93,40.14,3.119978224,1.424625444,3.3,3.351542111,1.856,0.36754328,0.57209889,0.26675902
727,1/07/2020,42.81,42.64,3.235941236,1.492307278,3.32,3.990422346,1.81,0.374270416,0.586869844,0.270727336
728,1/08/2020,44.26,43.71,3.59904215,1.602317816,3.37,4.073011154,2.0025,0.386255168,0.603845418,0.28880522
729,1/09/2020,41.09,41.1,3.672015072,1.604301974,3.35,3.856839612,2.032,0.385144864,0.59194047,0.281309512
730,1/10/2020,40.47,39.7,3.352345172,1.507078232,3.51,3.504758045,1.9775,0.38436112,0.60737281,0.302694326
731,1/11/2020,43.23,42.58,3.323023726,1.595703956,3.47,2.883282805,1.985,0.386516416,0.646615046,0.311512806
732,1/12/2020,49.87,49.26,3.479110822,1.588208248,3.41,2.595829229,1.935,0.397325552,0.626553004,0.310410496
733,1/01/2021,54.55,54.16,3.542383416,1.559327726,3.39,2.62107662,2.0275,0.3975868,0.634710098,0.335543164
734,1/02/2021,61.96,60.37,3.669149066,1.617529694,3.32,2.326253089,2.02,0.395039632,0.655213064,0.356927978
735,1/03/2021,65.19,63.95,3.68281771,1.628332332,3.27,2.023144143,1.996,0.388704368,0.671968176,0.342597948
736,1/04/2021,64.77,62.37,3.71809163,1.641560052,3.21,2.875404717,1.915,0.390500448,0.689164212,0.356266592
737,1/05/2021,68.04,65.98,4.110734452,1.756641216,3.08,3.13892448,1.916666667,0.396705088,0.712974108,0.380517412
738,1/06/2021,73.07,70.96,4.243011652,1.870179146,2.93,3.341515194,1.824,0.3935048,0.72862691,0.383824342
739,1/07/2021,74.39,73,4.503818198,2.080499894,2.99,3.204382832,1.763333333,0.386059232,0.796749668,0.39021774
740,1/08/2021,70.02,68.85,4.767270288,2.098357316,2.99,2.999692402,2.156,0.384426432,0.759712052,0.429459976
741,1/09/2021,74.6,72.24,4.972299948,2.30603252,2.98,2.984580376,2.2175,0.384426432,0.787931188,0.431664596
742,1/10/2021,83.65,81.22,5.314456972,2.320142088,3.05,2.875543723,2.415,0.378842256,0.817032172,0.424168888
743,1/11/2021,80.77,79.8,5.709083952,2.41185428,3.11,2.907291267,2.475,0.372800896,0.818354944,0.428137204
744,1/12/2021,74.31,72.76,5.910145296,2.483724892,3.19,2.672683453,2.615,0.369110768,0.809316002,0.415350408
745,1/01/2022,85.53,83.11,5.976283896,2.425082,3.51,2.398206123,2.6775,0.36966592,0.782199176,0.401681764
746,1/02/2022,95.76,93.13,6.169188146,2.412515666,3.61,2.070110627,2.73,0.370417008,0.779994556,0.393745132
747,1/03/2022,115.59,113.11,5.698501776,2.288836484,3.35,1.955945634,2.535,0.359836464,0.800938446,0.41998011
748,1/04/2022,105.78,102.68,5.854147948,2.291041104,4.09,3.107003747,2.525,0.353468544,0.81350478,0.433428292
749,1/05/2022,112.37,108.32,5.741271404,2.27296322,3.71,2.869083141,2.376666667,0.345467824,0.802040756,0.42879859
750,1/06/2022,120.08,115.73,6.033824478,2.288616022,3.51,3.272831932,2.11,0.345304544,0.793001814,0.41777549
751,1/07/2022,108.92,106.48,5.639197498,2.212115708,4.01,3.550720905,2.365,0.33260136,0.767869146,0.402784074
752,1/08/2022,98.6,97.75,5.917861466,2.41736583,4.21,3.538153514,2.36,0.330772624,0.782199176,0.39352467
753,1/09/2022,90.16,90.63,5.897138038,2.455064832,4.49,3.153198059,2.36,0.32362096,0.770955614,0.390658664
754,1/10/2022,93.13,90.59,5.292851696,2.270979062,4.135620511,2.833112373,2.4575,0.320943168,0.762578058,0.38691081
755,1/11/2022,91.07,86.28,4.715461718,2.041257658,3.831527961,2.849978651,2.49,0.332993232,0.792340428,0.407413776
756,1/12/2022,80.9,76.78,4.629481538,2.045446436,3.994072563,2.421515532,2.386666667,0.345729072,0.805127224,0.417334566
